Datetime,IC
2024-02-20 15:30:00+00:00,-0.4077081490918311
2024-02-20 16:30:00+00:00,-0.40686089586206464
2024-02-20 17:30:00+00:00,0.2242307490139013
2024-02-20 18:30:00+00:00,0.3723438466295609
2024-02-20 19:30:00+00:00,0.004007421150278293
2024-02-20 20:30:00+00:00,-0.10056895485466914
2024-02-21 14:30:00+00:00,-0.24265924551638834
2024-02-21 15:30:00+00:00,-0.04602350030921459
2024-02-21 16:30:00+00:00,0.14680272108843534
2024-02-21 17:30:00+00:00,-0.09601731601731602
2024-02-21 18:30:00+00:00,-0.18252319109461965
2024-02-21 19:30:00+00:00,0.08559059987631415
2024-02-21 20:30:00+00:00,0.28400742115027827
2024-02-22 14:30:00+00:00,-0.3049598021026592
2024-02-22 15:30:00+00:00,-0.06404452690166976
2024-02-22 16:30:00+00:00,0.01094004619685563
2024-02-22 17:30:00+00:00,-0.10237508464824653
2024-02-22 18:30:00+00:00,-0.15673469387755098
2024-02-22 19:30:00+00:00,-0.06829953092033554
2024-02-22 20:30:00+00:00,0.06784189190475198
2024-02-23 14:30:00+00:00,-0.09542362399505257
2024-02-23 15:30:00+00:00,-0.16354978354978356
2024-02-23 16:30:00+00:00,0.19332096474953614
2024-02-23 17:30:00+00:00,-0.13257884972170686
2024-02-23 18:30:00+00:00,0.1263821892393321
2024-02-23 19:30:00+00:00,-0.3684724799010513
2024-02-23 20:30:00+00:00,0.3091280148423005
2024-02-26 14:30:00+00:00,0.40295609152752004
2024-02-26 15:30:00+00:00,0.4304638218923933
2024-02-26 16:30:00+00:00,-0.24226345083487938
2024-02-26 17:30:00+00:00,-0.20023562225087146
2024-02-26 18:30:00+00:00,-0.23970389518944274
2024-02-26 19:30:00+00:00,0.25884972170686454
2024-02-26 20:30:00+00:00,-0.1524551638837353
2024-02-27 14:30:00+00:00,-0.045590599876314156
2024-02-27 15:30:00+00:00,-0.08607297464440322
2024-02-27 16:30:00+00:00,-0.16410636982065555
2024-02-27 17:30:00+00:00,-0.2610636982065553
2024-02-27 18:30:00+00:00,-0.09495361781076067
2024-02-27 19:30:00+00:00,0.0961038961038961
2024-02-27 20:30:00+00:00,0.37464440321583176
2024-02-28 14:30:00+00:00,-0.18113790970933824
2024-02-28 15:30:00+00:00,-0.0669882498453927
2024-02-28 16:30:00+00:00,-0.03327149041434755
2024-02-28 17:30:00+00:00,0.19382867603270162
2024-02-28 18:30:00+00:00,-0.008614745252809437
2024-02-28 19:30:00+00:00,0.04566481137909709
2024-02-28 20:30:00+00:00,-0.21135435992578847
2024-02-29 14:30:00+00:00,-0.4519109461966605
2024-02-29 15:30:00+00:00,0.14789115646258502
2024-02-29 16:30:00+00:00,-0.04456400742115028
2024-02-29 17:30:00+00:00,-0.044192949907235615
2024-02-29 18:30:00+00:00,-0.2332591218305504
2024-02-29 19:30:00+00:00,7.421150278293136e-05
2024-02-29 20:30:00+00:00,0.08029684601113173
2024-03-01 14:30:00+00:00,0.14821273964131107
2024-03-01 15:30:00+00:00,0.10075448361162645
2024-03-01 16:30:00+00:00,0.07035250463821892
2024-03-01 17:30:00+00:00,0.06601113172541744
2024-03-01 18:30:00+00:00,-0.3062251852452573
2024-03-01 19:30:00+00:00,0.01643191762466534
2024-03-01 20:30:00+00:00,0.22894937832322912
2024-03-04 14:30:00+00:00,-0.03304885590599876
2024-03-04 15:30:00+00:00,0.1137291280148423
2024-03-04 16:30:00+00:00,0.08253555967841682
2024-03-04 17:30:00+00:00,-0.1849103277674706
2024-03-04 18:30:00+00:00,-0.16854721257722066
2024-03-04 19:30:00+00:00,-0.07920865556208417
2024-03-04 20:30:00+00:00,0.430995670995671
2024-03-05 14:30:00+00:00,-0.20948670377241804
2024-03-05 15:30:00+00:00,0.07485466914038343
2024-03-05 16:30:00+00:00,0.05567099567099567
2024-03-05 17:30:00+00:00,0.1330859616573902
2024-03-05 18:30:00+00:00,0.17020408163265305
2024-03-05 19:30:00+00:00,-0.09768707482993197
2024-03-05 20:30:00+00:00,0.1939517625231911
2024-03-06 14:30:00+00:00,0.033481756338899195
2024-03-06 15:30:00+00:00,0.07418676561533705
2024-03-06 16:30:00+00:00,0.0854669140383426
2024-03-06 17:30:00+00:00,-0.005528756957328385
2024-03-06 18:30:00+00:00,0.07651205936920223
2024-03-06 19:30:00+00:00,-0.22418058132343846
2024-03-06 20:30:00+00:00,0.17527520098948665
2024-03-07 14:30:00+00:00,0.14462585034013606
2024-03-07 15:30:00+00:00,0.23064935064935063
2024-03-07 16:30:00+00:00,-0.32927643784786637
2024-03-07 17:30:00+00:00,-0.0410760667903525
2024-03-07 18:30:00+00:00,-0.1836982065553494
2024-03-07 19:30:00+00:00,-0.06426716141001855
2024-03-07 20:30:00+00:00,-0.05157699443413728
2024-03-08 14:30:00+00:00,-0.31449598021026587
2024-03-08 15:30:00+00:00,0.07854050711193568
2024-03-08 16:30:00+00:00,0.06614718614718615
2024-03-08 17:30:00+00:00,-0.27856524427953
2024-03-08 18:30:00+00:00,-0.18076685219542363
2024-03-08 19:30:00+00:00,0.03658638400259916
2024-03-08 20:30:00+00:00,-0.0416822562842323
2024-03-11 13:30:00+00:00,-0.05955473098330241
2024-03-11 14:30:00+00:00,-0.09713048855905998
2024-03-11 15:30:00+00:00,-0.25200989486703773
2024-03-11 16:30:00+00:00,-0.13038382926416464
2024-03-11 17:30:00+00:00,-0.056271219982807555
2024-03-11 18:30:00+00:00,0.10252969242378152
2024-03-11 19:30:00+00:00,-0.1987012987012987
2024-03-12 13:30:00+00:00,0.16452893667228424
2024-03-12 14:30:00+00:00,-0.4058800974966928
2024-03-12 15:30:00+00:00,0.203586889301175
2024-03-12 16:30:00+00:00,-0.1522943722943723
2024-03-12 17:30:00+00:00,-0.01040201113799388
2024-03-12 18:30:00+00:00,-0.0902476507352822
2024-03-12 19:30:00+00:00,-0.32525664811379096
2024-03-13 13:30:00+00:00,0.2447688459159689
2024-03-13 14:30:00+00:00,0.051775051871156205
2024-03-13 15:30:00+00:00,0.13257307536574003
2024-03-13 16:30:00+00:00,0.09441587636370542
2024-03-13 17:30:00+00:00,-0.11641311069882497
2024-03-13 18:30:00+00:00,0.13563430932133277
2024-03-13 19:30:00+00:00,-0.06825624074318574
2024-03-14 13:30:00+00:00,-0.05220779220779221
2024-03-14 14:30:00+00:00,-0.04343846629560915
2024-03-14 15:30:00+00:00,-0.05677179962894248
2024-03-14 16:30:00+00:00,-0.08742115027829313
2024-03-14 17:30:00+00:00,-0.2360667903525046
2024-03-14 18:30:00+00:00,-0.34727380109566486
2024-03-14 19:30:00+00:00,0.2209716171056238
2024-03-15 13:30:00+00:00,0.12740878169449596
2024-03-15 14:30:00+00:00,0.049610389610389605
2024-03-15 15:30:00+00:00,-0.3069016697588126
2024-03-15 16:30:00+00:00,-0.2118491032776747
2024-03-15 17:30:00+00:00,0.06445269016697588
2024-03-15 18:30:00+00:00,0.1167099567099567
2024-03-15 19:30:00+00:00,-0.1970439084724799
2024-03-18 13:30:00+00:00,-0.3922572665429808
2024-03-18 14:30:00+00:00,-0.04550401978973407
2024-03-18 15:30:00+00:00,0.029622758194186766
2024-03-18 16:30:00+00:00,-0.04419927086994188
2024-03-18 17:30:00+00:00,0.14454590150316937
2024-03-18 18:30:00+00:00,0.045547450672606966
2024-03-18 19:30:00+00:00,0.15496646557422744
2024-03-19 13:30:00+00:00,-0.2576376004947433
2024-03-19 14:30:00+00:00,0.2656895485466914
2024-03-19 15:30:00+00:00,0.3687693259121831
2024-03-19 16:30:00+00:00,0.08337662337662337
2024-03-19 17:30:00+00:00,-0.26095238095238094
2024-03-19 18:30:00+00:00,-0.1668769325912183
2024-03-19 19:30:00+00:00,-0.08340136054421768
2024-03-20 13:30:00+00:00,-0.012009894867037725
2024-03-20 14:30:00+00:00,0.1295485466914038
2024-03-20 15:30:00+00:00,-0.08659245516388372
2024-03-20 16:30:00+00:00,-0.14189239332096473
2024-03-20 17:30:00+00:00,0.5430550401978973
2024-03-20 18:30:00+00:00,-0.1452690166975881
2024-03-20 19:30:00+00:00,-0.12636982065553493
2024-03-21 13:30:00+00:00,0.03299938157081014
2024-03-21 14:30:00+00:00,0.15976499690785403
2024-03-21 15:30:00+00:00,-0.2887322201607916
2024-03-21 16:30:00+00:00,0.06944959802102658
2024-03-21 17:30:00+00:00,0.12319109461966604
2024-03-21 18:30:00+00:00,0.34982065553494124
2024-03-21 19:30:00+00:00,-0.04764378478664192
2024-03-22 13:30:00+00:00,-0.19536178107606678
2024-03-22 14:30:00+00:00,-0.12413110698824983
2024-03-22 15:30:00+00:00,-0.06691403834260977
2024-03-22 16:30:00+00:00,-0.07600494743351885
2024-03-22 17:30:00+00:00,0.20150959032127974
2024-03-22 18:30:00+00:00,-0.22675394791063228
2024-03-22 19:30:00+00:00,0.050773036487322204
2024-03-25 13:30:00+00:00,-0.26984539270253555
2024-03-25 14:30:00+00:00,-0.04549165120593692
2024-03-25 15:30:00+00:00,0.042486085343228196
2024-03-25 16:30:00+00:00,-0.18841063698206553
2024-03-25 17:30:00+00:00,-0.21713048855905998
2024-03-25 18:30:00+00:00,0.10685219542362398
2024-03-25 19:30:00+00:00,-0.15478045763760045
2024-03-26 13:30:00+00:00,-0.29288806431663567
2024-03-26 14:30:00+00:00,-0.03281385281385281
2024-03-26 15:30:00+00:00,-0.1540383426097712
2024-03-26 16:30:00+00:00,-0.06627726121633792
2024-03-26 17:30:00+00:00,-0.33599980210365354
2024-03-26 18:30:00+00:00,0.258726035868893
2024-03-26 19:30:00+00:00,0.27078540507111937
2024-03-27 13:30:00+00:00,0.03934446505875077
2024-03-27 14:30:00+00:00,-0.01974025974025974
2024-03-27 15:30:00+00:00,-0.2628447742733457
2024-03-27 16:30:00+00:00,-0.13727891156462585
2024-03-27 17:30:00+00:00,-0.1703525046382189
2024-03-27 18:30:00+00:00,0.017414965986394557
2024-03-27 19:30:00+00:00,0.01810760667903525
2024-03-28 13:30:00+00:00,-0.1817810760667903
2024-03-28 14:30:00+00:00,-0.29917130488559057
2024-03-28 15:30:00+00:00,-0.017637600494743354
2024-03-28 16:30:00+00:00,-0.060575326454607635
2024-03-28 17:30:00+00:00,-0.08988277638501962
2024-03-28 18:30:00+00:00,-0.1671614100185529
2024-03-28 19:30:00+00:00,0.011045145330859617
2024-04-01 13:30:00+00:00,-0.33661100803957944
2024-04-01 14:30:00+00:00,-0.09619695793786846
2024-04-01 15:30:00+00:00,-0.08374175554076997
2024-04-01 16:30:00+00:00,-0.11061224489795918
2024-04-01 17:30:00+00:00,-0.08620902906617192
2024-04-01 18:30:00+00:00,0.05558441558441558
2024-04-01 19:30:00+00:00,-0.31908472479901057
2024-04-02 13:30:00+00:00,-0.33643784786641934
2024-04-02 14:30:00+00:00,-0.010621062106210619
2024-04-02 15:30:00+00:00,0.15494749474947495
2024-04-02 16:30:00+00:00,-0.07603960396039602
2024-04-02 17:30:00+00:00,0.09342934293429342
2024-04-02 18:30:00+00:00,0.17683768376837683
2024-04-02 19:30:00+00:00,0.17897389738973896
2024-04-03 13:30:00+00:00,0.16355235523552353
2024-04-03 14:30:00+00:00,-0.19128712871287126
2024-04-03 15:30:00+00:00,-0.08837683768376838
2024-04-03 16:30:00+00:00,-0.09040504050405039
2024-04-03 17:30:00+00:00,0.06508250825082508
2024-04-03 18:30:00+00:00,-0.16198668462924584
2024-04-03 19:30:00+00:00,-0.010393070486306862
2024-04-04 13:30:00+00:00,-0.12626462646264625
2024-04-04 14:30:00+00:00,0.257977797779778
2024-04-04 15:30:00+00:00,-0.01621362136213621
2024-04-04 16:30:00+00:00,0.2708070807080708
2024-04-04 17:30:00+00:00,0.611101110111011
2024-04-04 18:30:00+00:00,-0.10997899789978996
2024-04-04 19:30:00+00:00,-0.030843084308430843
2024-04-05 13:30:00+00:00,-0.1186918691869187
2024-04-05 14:30:00+00:00,-0.01988598859885989
2024-04-05 15:30:00+00:00,-0.14703870387038703
2024-04-05 16:30:00+00:00,-0.35027902790279025
2024-04-05 17:30:00+00:00,0.017353735373537352
2024-04-05 18:30:00+00:00,0.03495949594959495
2024-04-05 19:30:00+00:00,0.03201920192019202
2024-04-08 13:30:00+00:00,-0.05621362136213621
2024-04-08 14:30:00+00:00,0.053045304530453044
2024-04-08 15:30:00+00:00,-0.33880588058805877
2024-04-08 16:30:00+00:00,-0.22396639663966394
2024-04-08 17:30:00+00:00,-0.1764896489648965
2024-04-08 18:30:00+00:00,-0.04364836483648364
2024-04-08 19:30:00+00:00,-0.10269426942694268
2024-04-09 13:30:00+00:00,-0.05357335733573356
2024-04-09 14:30:00+00:00,-0.1869186918691869
2024-04-09 15:30:00+00:00,-0.2557246411782262
2024-04-09 16:30:00+00:00,0.12371134020618557
2024-04-09 17:30:00+00:00,-0.10409965916932297
2024-04-09 18:30:00+00:00,-0.20158415841584154
2024-04-09 19:30:00+00:00,-0.101998199819982
2024-04-10 13:30:00+00:00,0.11849984998499849
2024-04-10 14:30:00+00:00,-0.07159915991599158
2024-04-10 15:30:00+00:00,0.028898889888988897
2024-04-10 16:30:00+00:00,0.20256825682568255
2024-04-10 17:30:00+00:00,-0.17894989498949893
2024-04-10 18:30:00+00:00,-0.046432643264326424
2024-04-10 19:30:00+00:00,0.04847284728472846
2024-04-11 13:30:00+00:00,-0.12686468646864685
2024-04-11 14:30:00+00:00,0.025550555055505547
2024-04-11 15:30:00+00:00,0.21990999099909986
2024-04-11 16:30:00+00:00,0.3509150915091509
2024-04-11 17:30:00+00:00,0.11367536753675365
2024-04-11 18:30:00+00:00,0.2339153915391539
2024-04-11 19:30:00+00:00,-0.14983498349834984
2024-04-12 13:30:00+00:00,-0.14642108137204027
2024-04-12 14:30:00+00:00,-0.12774715795784458
2024-04-12 15:30:00+00:00,0.1272967296729673
2024-04-12 16:30:00+00:00,-0.06125412541254125
2024-04-12 17:30:00+00:00,0.0529132913291329
2024-04-12 18:30:00+00:00,0.00441045427681036
2024-04-12 19:30:00+00:00,0.05519368494979822
2024-04-15 13:30:00+00:00,-0.22411041104110407
2024-04-15 14:30:00+00:00,-0.056381638163816375
2024-04-15 15:30:00+00:00,0.20192019201920192
2024-04-15 16:30:00+00:00,0.14157815781578154
2024-04-15 17:30:00+00:00,0.022730273027302725
2024-04-15 18:30:00+00:00,-0.31476747674767475
2024-04-15 19:30:00+00:00,-0.21784578457845782
2024-04-16 13:30:00+00:00,-0.13852985298529852
2024-04-16 14:30:00+00:00,0.01471347134713471
2024-04-16 15:30:00+00:00,-0.04926492649264926
2024-04-16 16:30:00+00:00,0.045244524452445235
2024-04-16 17:30:00+00:00,-0.2459405940594059
2024-04-16 18:30:00+00:00,-0.08006000600060005
2024-04-16 19:30:00+00:00,-0.06922292229222922
2024-04-17 13:30:00+00:00,-0.15294329432943293
2024-04-17 14:30:00+00:00,0.03691569156915691
2024-04-17 15:30:00+00:00,0.043408340834083396
2024-04-17 16:30:00+00:00,-0.05020102010201019
2024-04-17 17:30:00+00:00,-0.29762976297629756
2024-04-17 18:30:00+00:00,0.02809480948094809
2024-04-17 19:30:00+00:00,0.0843986930657656
2024-04-18 13:30:00+00:00,-0.14740518273448502
2024-04-18 14:30:00+00:00,-0.18567712474468434
2024-04-18 15:30:00+00:00,0.14729717160933867
2024-04-18 16:30:00+00:00,0.28517251725172515
2024-04-18 17:30:00+00:00,0.19829582958295827
2024-04-18 18:30:00+00:00,0.16867686768676865
2024-04-18 19:30:00+00:00,-0.032559255925592556
2024-04-19 13:30:00+00:00,0.20566456645664563
2024-04-19 14:30:00+00:00,0.08504050405040503
2024-04-19 15:30:00+00:00,-0.40949294929492946
2024-04-19 16:30:00+00:00,-0.2755835583558356
2024-04-19 17:30:00+00:00,0.3687488748874887
2024-04-19 18:30:00+00:00,0.04159615961596159
2024-04-19 19:30:00+00:00,-0.07132313231323131
2024-04-22 13:30:00+00:00,-0.10157815781578157
2024-04-22 14:30:00+00:00,-0.08896489648964896
2024-04-22 15:30:00+00:00,0.05862586258625862
2024-04-22 16:30:00+00:00,0.2359195919591959
2024-04-22 17:30:00+00:00,0.06867086708670866
2024-04-22 18:30:00+00:00,-0.032037299842027904
2024-04-22 19:30:00+00:00,-0.14549698619023238
2024-04-23 13:30:00+00:00,-0.23424612735217146
2024-04-23 14:30:00+00:00,0.11687438868520063
2024-04-23 15:30:00+00:00,-0.047380880230877005
2024-04-23 16:30:00+00:00,-0.2965496549654965
2024-04-23 17:30:00+00:00,-0.1308250825082508
2024-04-23 18:30:00+00:00,-0.07965196519651963
2024-04-23 19:30:00+00:00,-0.15781578157815782
2024-04-24 13:30:00+00:00,-0.41310531053105304
2024-04-24 14:30:00+00:00,0.3513831383138314
2024-04-24 15:30:00+00:00,-0.49795379537953793
2024-04-24 16:30:00+00:00,-0.17111311131113108
2024-04-24 17:30:00+00:00,-0.024134413441344132
2024-04-24 18:30:00+00:00,-0.1068890095684666
2024-04-24 19:30:00+00:00,0.07350157066210898
2024-04-25 13:30:00+00:00,-0.2199459945994599
2024-04-25 14:30:00+00:00,-0.05878187818781878
2024-04-25 15:30:00+00:00,0.019873987398739874
2024-04-25 16:30:00+00:00,-0.012649264926492649
2024-04-25 17:30:00+00:00,0.0693069306930693
2024-04-25 18:30:00+00:00,-0.32762174504121366
2024-04-25 19:30:00+00:00,-0.12997938787753635
2024-04-26 13:30:00+00:00,0.03234323432343234
2024-04-26 14:30:00+00:00,-0.22504650465046502
2024-04-26 15:30:00+00:00,-0.36939693969396936
2024-04-26 16:30:00+00:00,-0.19120312031203118
2024-04-26 17:30:00+00:00,-0.2963336333633363
2024-04-26 18:30:00+00:00,0.11150315031503148
2024-04-26 19:30:00+00:00,-0.2166336633663366
2024-04-29 13:30:00+00:00,0.14616261626162616
2024-04-29 14:30:00+00:00,0.016945694569456944
2024-04-29 15:30:00+00:00,0.020018001800180017
2024-04-29 16:30:00+00:00,0.017197719771977194
2024-04-29 17:30:00+00:00,0.09724572457245724
2024-04-29 18:30:00+00:00,-0.07362736273627363
2024-04-29 19:30:00+00:00,0.07247524752475247
2024-04-30 13:30:00+00:00,-0.2867686768676867
2024-04-30 14:30:00+00:00,-0.03559555955595559
2024-04-30 15:30:00+00:00,0.32954095409540946
2024-04-30 16:30:00+00:00,0.022274294252408237
2024-04-30 17:30:00+00:00,0.0016021650230045798
2024-04-30 18:30:00+00:00,-0.09612961296129613
2024-04-30 19:30:00+00:00,-0.012337233723372336
2024-05-01 13:30:00+00:00,0.22295829582958293
2024-05-01 14:30:00+00:00,0.23417941794179414
2024-05-01 15:30:00+00:00,-0.09668166816681667
2024-05-01 16:30:00+00:00,-0.001644164416441644
2024-05-01 17:30:00+00:00,0.3082868286828683
2024-05-01 18:30:00+00:00,-0.6192739273927392
2024-05-01 19:30:00+00:00,-0.17778577857785777
2024-05-02 13:30:00+00:00,0.04039603960396039
2024-05-02 14:30:00+00:00,0.03493549354935493
2024-05-02 15:30:00+00:00,-0.06815481548154814
2024-05-02 16:30:00+00:00,-0.10614493292856934
2024-05-02 17:30:00+00:00,-0.012385275683451134
2024-05-02 18:30:00+00:00,-0.11585958595859584
2024-05-02 19:30:00+00:00,0.00954095409540954
2024-05-03 13:30:00+00:00,-0.34761476147614756
2024-05-03 14:30:00+00:00,-0.009948994899489947
2024-05-03 15:30:00+00:00,0.1804140414041404
2024-05-03 16:30:00+00:00,-0.06447044704470446
2024-05-03 17:30:00+00:00,-0.08136813681368135
2024-05-03 18:30:00+00:00,0.15033903390339035
2024-05-03 19:30:00+00:00,0.01284128412841284
2024-05-06 13:30:00+00:00,0.033675367536753674
2024-05-06 14:30:00+00:00,-0.07908790879087907
2024-05-06 15:30:00+00:00,-0.060486048604860475
2024-05-06 16:30:00+00:00,0.125016501650165
2024-05-06 17:30:00+00:00,-0.3157875787578757
2024-05-06 18:30:00+00:00,-0.035055505550555054
2024-05-06 19:30:00+00:00,-0.10934293429342931
2024-05-07 13:30:00+00:00,-0.17018901890189017
2024-05-07 14:30:00+00:00,0.19801439548362595
2024-05-07 15:30:00+00:00,-0.27049586107490803
2024-05-07 16:30:00+00:00,0.3137833783378337
2024-05-07 17:30:00+00:00,0.1613081308130813
2024-05-07 18:30:00+00:00,0.12806480648064805
2024-05-07 19:30:00+00:00,0.04013201320132012
2024-05-08 13:30:00+00:00,-0.013057305730573057
2024-05-08 14:30:00+00:00,-0.11258325832583256
2024-05-08 15:30:00+00:00,-0.13524152415241522
2024-05-08 16:30:00+00:00,-0.3407510973645621
2024-05-08 17:30:00+00:00,0.06168635369470817
2024-05-08 18:30:00+00:00,-0.000132013201320132
2024-05-08 19:30:00+00:00,-0.17003300330033
2024-05-09 13:30:00+00:00,-0.17837383738373835
2024-05-09 14:30:00+00:00,-0.2779717971797179
2024-05-09 15:30:00+00:00,-0.04124812481248125
2024-05-09 16:30:00+00:00,0.017233723372337233
2024-05-09 17:30:00+00:00,0.19039903990399037
2024-05-09 18:30:00+00:00,0.1059225922592259
2024-05-09 19:30:00+00:00,-0.11116711671167115
2024-05-10 13:30:00+00:00,0.031839183918391835
2024-05-10 14:30:00+00:00,-0.04214821482148214
2024-05-10 15:30:00+00:00,-0.019561956195619564
2024-05-10 16:30:00+00:00,-0.14478247824782475
2024-05-10 17:30:00+00:00,-0.14371437143714372
2024-05-10 18:30:00+00:00,-0.06761496434163149
2024-05-10 19:30:00+00:00,-0.010261056888905735
2024-05-13 13:30:00+00:00,-0.09113711371137112
2024-05-13 14:30:00+00:00,-0.19875187518751872
2024-05-13 15:30:00+00:00,0.135013501350135
2024-05-13 16:30:00+00:00,0.10193849966592436
2024-05-13 17:30:00+00:00,-0.18691325206580398
2024-05-13 18:30:00+00:00,0.12424842484248423
2024-05-13 19:30:00+00:00,-0.19878787878787876
2024-05-14 13:30:00+00:00,0.11163516351635164
2024-05-14 14:30:00+00:00,-0.0916171617161716
2024-05-14 15:30:00+00:00,-0.16150015001500145
2024-05-14 16:30:00+00:00,-0.014245424542454244
2024-05-14 17:30:00+00:00,0.1696129612961296
2024-05-14 18:30:00+00:00,0.09512151215121512
2024-05-14 19:30:00+00:00,0.10961896189618961
2024-05-15 13:30:00+00:00,-0.0761116111611161
2024-05-15 14:30:00+00:00,0.31228322832283223
2024-05-15 15:30:00+00:00,0.18577857785778576
2024-05-15 16:30:00+00:00,0.05322532253225322
2024-05-15 17:30:00+00:00,0.253993399339934
2024-05-15 18:30:00+00:00,0.10665466546654664
2024-05-15 19:30:00+00:00,-0.055001500150014995
2024-05-16 13:30:00+00:00,0.09059705970597058
2024-05-16 14:30:00+00:00,-0.08178817881788178
2024-05-16 15:30:00+00:00,0.28179156067508687
2024-05-16 16:30:00+00:00,0.11608900197658073
2024-05-16 17:30:00+00:00,0.07873987398739873
2024-05-16 18:30:00+00:00,-0.14695469546954695
2024-05-16 19:30:00+00:00,-0.18654665466546652
2024-05-17 13:30:00+00:00,0.01206120612061206
2024-05-17 14:30:00+00:00,0.15012301230123012
2024-05-17 15:30:00+00:00,0.40009600960096003
2024-05-17 16:30:00+00:00,0.30823882388238827
2024-05-17 17:30:00+00:00,-0.34839483948394834
2024-05-17 18:30:00+00:00,0.017629974558420046
2024-05-17 19:30:00+00:00,-0.1465004080562515
2024-05-20 13:30:00+00:00,0.24607934617376334
2024-05-20 14:30:00+00:00,0.28384723626661285
2024-05-20 15:30:00+00:00,0.1567356735673567
2024-05-20 16:30:00+00:00,0.17524152415241523
2024-05-20 17:30:00+00:00,0.2767716771677168
2024-05-20 18:30:00+00:00,-0.015025502550255022
2024-05-20 19:30:00+00:00,0.0396999699969997
2024-05-21 13:30:00+00:00,-0.012865286528652863
2024-05-21 14:30:00+00:00,0.15782778277827783
2024-05-21 15:30:00+00:00,-0.05597359735973596
2024-05-21 16:30:00+00:00,-0.07503172826834931
2024-05-21 17:30:00+00:00,0.08377462878714209
2024-05-21 18:30:00+00:00,0.2068286828682868
2024-05-21 19:30:00+00:00,-0.008796879687968795
2024-05-22 13:30:00+00:00,0.051281128112811276
2024-05-22 14:30:00+00:00,0.02467446744674467
2024-05-22 15:30:00+00:00,-0.07119111911191119
2024-05-22 16:30:00+00:00,0.19068706870687066
2024-05-22 17:30:00+00:00,-0.33656165616561656
2024-05-22 18:30:00+00:00,0.19504350435043502
2024-05-22 19:30:00+00:00,-0.08854485448544852
2024-05-23 13:30:00+00:00,-0.06052223379035278
2024-05-23 14:30:00+00:00,0.08657691742288419
2024-05-23 15:30:00+00:00,-0.07897989798979896
2024-05-23 16:30:00+00:00,0.16952895289528952
2024-05-23 17:30:00+00:00,0.03925592559255925
2024-05-23 18:30:00+00:00,-0.11186318631863185
2024-05-23 19:30:00+00:00,0.25236123612361233
2024-05-24 13:30:00+00:00,0.12903690369036902
2024-05-24 14:30:00+00:00,0.22509450945094506
2024-05-24 15:30:00+00:00,-0.09110111011101109
2024-05-24 16:30:00+00:00,0.22736941905118552
2024-05-24 17:30:00+00:00,-0.05009315959566379
2024-05-24 18:30:00+00:00,0.08385238523852384
2024-05-24 19:30:00+00:00,0.03878787878787878
2024-05-28 13:30:00+00:00,0.31595559555955594
2024-05-28 14:30:00+00:00,-0.09556555655565556
2024-05-28 15:30:00+00:00,-0.1881308130813081
2024-05-28 16:30:00+00:00,-0.20430843084308428
2024-05-28 17:30:00+00:00,0.04852085208520851
2024-05-28 18:30:00+00:00,-0.04548454845484548
2024-05-28 19:30:00+00:00,-0.1323132313231323
2024-05-29 13:30:00+00:00,-0.21934593459345933
2024-05-29 14:30:00+00:00,-0.09474947494749474
2024-05-29 15:30:00+00:00,-0.02663066306630663
2024-05-29 16:30:00+00:00,-0.06999099909990998
2024-05-29 17:30:00+00:00,-0.09012901290129012
2024-05-29 18:30:00+00:00,0.13099309930993097
2024-05-29 19:30:00+00:00,0.03125112511251125
2024-05-30 13:30:00+00:00,0.14909090909090908
2024-05-30 14:30:00+00:00,-0.14390639063906388
2024-05-30 15:30:00+00:00,-0.11271527152715272
2024-05-30 16:30:00+00:00,0.03545154515451545
2024-05-30 17:30:00+00:00,0.06915091509150914
2024-05-30 18:30:00+00:00,0.2321392139213921
2024-05-30 19:30:00+00:00,0.23134713471347132
2024-05-31 13:30:00+00:00,0.3096069606960695
2024-05-31 14:30:00+00:00,0.14881488148814878
2024-05-31 15:30:00+00:00,-0.41808580858085803
2024-05-31 16:30:00+00:00,-0.3444224422442244
2024-05-31 17:30:00+00:00,-0.4253465346534653
2024-05-31 18:30:00+00:00,0.24280828082808276
2024-05-31 19:30:00+00:00,-0.2864206420642064
2024-06-03 13:30:00+00:00,0.10233423342334232
2024-06-03 14:30:00+00:00,-0.07847584758475847
2024-06-03 15:30:00+00:00,-0.08046804680468046
2024-06-03 16:30:00+00:00,-0.114011401140114
2024-06-03 17:30:00+00:00,-0.0592019201920192
2024-06-03 18:30:00+00:00,0.25808580858085806
2024-06-03 19:30:00+00:00,-0.26877887788778876
2024-06-04 13:30:00+00:00,0.02216621662166216
2024-06-04 14:30:00+00:00,0.13788178817881788
2024-06-04 15:30:00+00:00,0.14247824782478247
2024-06-04 16:30:00+00:00,-0.2996819681968197
2024-06-04 17:30:00+00:00,-0.3405100510051005
2024-06-04 18:30:00+00:00,-0.2767596759675967
2024-06-04 19:30:00+00:00,0.1101110111011101
2024-06-05 13:30:00+00:00,-0.04027602760276028
2024-06-05 14:30:00+00:00,-0.027542754275427538
2024-06-05 15:30:00+00:00,-0.1625802580258026
2024-06-05 16:30:00+00:00,-0.20430843084308428
2024-06-05 17:30:00+00:00,0.0659167894296079
2024-06-05 18:30:00+00:00,-0.18006654685513646
2024-06-05 19:30:00+00:00,-0.16997299729972995
2024-06-06 13:30:00+00:00,-0.2983018301830183
2024-06-06 14:30:00+00:00,0.027134713471347133
2024-06-06 15:30:00+00:00,-0.09026102610261026
2024-06-06 16:30:00+00:00,0.10088208820882089
2024-06-06 17:30:00+00:00,0.13928592859285926
2024-06-06 18:30:00+00:00,-0.12763276327632764
2024-06-06 19:30:00+00:00,0.006516651665166516
2024-06-07 13:30:00+00:00,-0.0035403540354035402
2024-06-07 14:30:00+00:00,0.15195919591959195
2024-06-07 15:30:00+00:00,0.16192019201920188
2024-06-07 16:30:00+00:00,-0.007092709270927092
2024-06-07 17:30:00+00:00,-0.17206120612061207
2024-06-07 18:30:00+00:00,0.14664266426642664
2024-06-07 19:30:00+00:00,0.00010801080108010799
2024-06-10 13:30:00+00:00,0.21520552055205516
2024-06-10 14:30:00+00:00,-0.09832583258325832
2024-06-10 15:30:00+00:00,0.11765976597659765
2024-06-10 16:30:00+00:00,0.22358235823582354
2024-06-10 17:30:00+00:00,-0.16756075607560753
2024-06-10 18:30:00+00:00,-0.12428442844284426
2024-06-10 19:30:00+00:00,0.09855385538553854
2024-06-11 13:30:00+00:00,-0.15134713471347133
2024-06-11 14:30:00+00:00,0.13364536453645365
2024-06-11 15:30:00+00:00,-0.2985418541854185
2024-06-11 16:30:00+00:00,0.1719171917191719
2024-06-11 17:30:00+00:00,-0.13426942694269425
2024-06-11 18:30:00+00:00,0.014437617014145207
2024-06-11 19:30:00+00:00,0.18798905478767292
2024-06-12 13:30:00+00:00,-0.013873387338733873
2024-06-12 14:30:00+00:00,0.09282928292829282
2024-06-12 15:30:00+00:00,-0.12424842484248423
2024-06-12 16:30:00+00:00,-0.23755846852332702
2024-06-12 17:30:00+00:00,-0.11667001701227732
2024-06-12 18:30:00+00:00,-0.3438223822382238
2024-06-12 19:30:00+00:00,-0.03735973597359736
2024-06-13 13:30:00+00:00,-0.08290429042904289
2024-06-13 14:30:00+00:00,-0.005736573657365736
2024-06-13 15:30:00+00:00,-0.18354635463546354
2024-06-13 16:30:00+00:00,0.11326732673267326
2024-06-13 17:30:00+00:00,-0.12488598723956362
2024-06-13 18:30:00+00:00,-0.029607316021526376
2024-06-13 19:30:00+00:00,-0.13945394539453942
2024-06-14 13:30:00+00:00,-0.2161296129612961
2024-06-14 14:30:00+00:00,0.1588238823882388
2024-06-14 15:30:00+00:00,-0.07623162316231623
2024-06-14 16:30:00+00:00,-0.0050765076507650764
2024-06-14 17:30:00+00:00,-0.3061746174617462
2024-06-14 18:30:00+00:00,0.018097809780978094
2024-06-14 19:30:00+00:00,-0.10694269426942693
2024-06-17 13:30:00+00:00,-0.04902490249024902
2024-06-17 14:30:00+00:00,0.14779477947794778
2024-06-17 15:30:00+00:00,0.23800780078007797
2024-06-17 16:30:00+00:00,0.09309330933093309
2024-06-17 17:30:00+00:00,0.044068539059721475
2024-06-17 18:30:00+00:00,-0.013381378282023269
2024-06-17 19:30:00+00:00,0.09694569456945692
2024-06-18 13:30:00+00:00,-0.07735396745899639
2024-06-18 14:30:00+00:00,0.04228035487674258
2024-06-18 15:30:00+00:00,0.13909432671627775
2024-06-18 16:30:00+00:00,-0.2525960173909281
2024-06-18 17:30:00+00:00,-0.05633363336333633
2024-06-18 18:30:00+00:00,-0.2024482448244824
2024-06-18 19:30:00+00:00,0.19247524752475245
2024-06-20 13:30:00+00:00,0.15817581758175814
2024-06-20 14:30:00+00:00,-0.3104419755248761
2024-06-20 15:30:00+00:00,0.4431756470936451
2024-06-20 16:30:00+00:00,-0.24515525099195548
2024-06-20 17:30:00+00:00,-0.36516161164764305
2024-06-20 18:30:00+00:00,-0.06856306199569412
2024-06-20 19:30:00+00:00,0.10072037419899578
2024-06-21 13:30:00+00:00,-0.31645964596459647
2024-06-21 14:30:00+00:00,0.11020702070207018
2024-06-21 15:30:00+00:00,-0.268070807080708
2024-06-21 16:30:00+00:00,0.053249324932493236
2024-06-21 17:30:00+00:00,0.05230123012301229
2024-06-21 18:30:00+00:00,-0.03579957995799579
2024-06-21 19:30:00+00:00,-0.0967056705670567
2024-06-24 13:30:00+00:00,-0.03801980198019801
2024-06-24 14:30:00+00:00,0.016717671767176718
2024-06-24 15:30:00+00:00,-0.2573297329732973
2024-06-24 16:30:00+00:00,0.392671979289956
2024-06-24 17:30:00+00:00,-0.2579568911903883
2024-06-24 18:30:00+00:00,-0.43445074842904335
2024-06-24 19:30:00+00:00,-0.1340058025982707
2024-06-25 13:30:00+00:00,0.3228922892289229
2024-06-25 14:30:00+00:00,-0.0034923492349234917
2024-06-25 15:30:00+00:00,-0.122016201620162
2024-06-25 16:30:00+00:00,-0.24278427842784273
2024-06-25 17:30:00+00:00,0.05024902490249024
2024-06-25 18:30:00+00:00,0.021374137413741372
2024-06-25 19:30:00+00:00,-0.08567656765676566
2024-06-26 13:30:00+00:00,0.1286048604860486
2024-06-26 14:30:00+00:00,-0.03356735673567356
2024-06-26 15:30:00+00:00,0.05822982298229823
2024-06-26 16:30:00+00:00,0.032943294329432944
2024-06-26 17:30:00+00:00,0.0013141353559475767
2024-06-26 18:30:00+00:00,0.004902504958032739
2024-06-26 19:30:00+00:00,0.11878787878787878
2024-06-27 13:30:00+00:00,-0.13434143414341432
2024-06-27 14:30:00+00:00,-0.0935013501350135
2024-06-27 15:30:00+00:00,-0.006672667266726672
2024-06-27 16:30:00+00:00,0.10051005100510049
2024-06-27 17:30:00+00:00,-0.2128412841284128
2024-06-27 18:30:00+00:00,0.0467086708670867
2024-06-27 19:30:00+00:00,-0.16228022802280226
2024-06-28 13:30:00+00:00,-0.09855385538553854
2024-06-28 14:30:00+00:00,-0.035859585958595855
2024-06-28 15:30:00+00:00,0.13177317731773178
2024-06-28 16:30:00+00:00,0.01386138613861386
2024-06-28 17:30:00+00:00,-0.053153315331533155
2024-06-28 18:30:00+00:00,-0.09227722772277228
2024-06-28 19:30:00+00:00,-0.20147614761476143
2024-07-01 13:30:00+00:00,-0.03603960396039604
2024-07-01 14:30:00+00:00,0.44532853285328533
2024-07-01 15:30:00+00:00,0.15198965493514233
2024-07-01 16:30:00+00:00,-0.24388311996245368
2024-07-01 17:30:00+00:00,-0.09293729372937293
2024-07-01 18:30:00+00:00,-0.18819081908190818
2024-07-01 19:30:00+00:00,-0.17444944494449444
2024-07-02 13:30:00+00:00,-0.16123612361236123
2024-07-02 14:30:00+00:00,-0.02257425742574257
2024-07-02 15:30:00+00:00,0.11425142514251424
2024-07-02 16:30:00+00:00,-0.030831083108310828
2024-07-02 17:30:00+00:00,-0.12678067806780677
2024-07-02 18:30:00+00:00,0.07585958595859585
2024-07-02 19:30:00+00:00,0.10281428142814279
2024-07-03 13:30:00+00:00,-0.25197719771977195
2024-07-03 14:30:00+00:00,0.32288028802880286
2024-07-03 15:30:00+00:00,-0.018001800180018
2024-07-05 13:30:00+00:00,-0.05826582658265826
2024-07-05 14:30:00+00:00,-0.020006000600060005
2024-07-05 15:30:00+00:00,-0.09184518451845185
2024-07-05 16:30:00+00:00,0.07240324032403239
2024-07-05 17:30:00+00:00,-0.1499189918991899
2024-07-05 18:30:00+00:00,-0.15947194719471944
2024-07-05 19:30:00+00:00,-0.25536153615361534
2024-07-08 13:30:00+00:00,-0.07373537353735372
2024-07-08 14:30:00+00:00,-0.22067806780678068
2024-07-08 15:30:00+00:00,-0.23277527752775276
2024-07-08 16:30:00+00:00,-0.19314731473147312
2024-07-08 17:30:00+00:00,-0.055589558955895575
2024-07-08 18:30:00+00:00,-0.21790579057905787
2024-07-08 19:30:00+00:00,0.04291629162916291
2024-07-09 13:30:00+00:00,0.019129912991299132
2024-07-09 14:30:00+00:00,0.1956075607560756
2024-07-09 15:30:00+00:00,0.12226822682268225
2024-07-09 16:30:00+00:00,-0.3692889288928893
2024-07-09 17:30:00+00:00,-0.04602460246024603
2024-07-09 18:30:00+00:00,0.16756578362728594
2024-07-09 19:30:00+00:00,0.12083170817644427
2024-07-10 13:30:00+00:00,-0.10915091509150915
2024-07-10 14:30:00+00:00,0.0015121512151215122
2024-07-10 15:30:00+00:00,-0.014137413741374135
2024-07-10 16:30:00+00:00,0.03743174317431743
2024-07-10 17:30:00+00:00,-0.31310624994515346
2024-07-10 18:30:00+00:00,0.12039640082982729
2024-07-10 19:30:00+00:00,0.3207440744074407
2024-07-11 13:30:00+00:00,0.3054185418541853
2024-07-11 14:30:00+00:00,-0.07213921392139212
2024-07-11 15:30:00+00:00,-0.0609060906090609
2024-07-11 16:30:00+00:00,-0.027680851127790736
2024-07-11 17:30:00+00:00,-0.30555838918925404
2024-07-11 18:30:00+00:00,-0.08360661148135884
2024-07-11 19:30:00+00:00,-0.10845484548454844
2024-07-12 13:30:00+00:00,-0.12238823882388239
2024-07-12 14:30:00+00:00,-0.27141914191419136
2024-07-12 15:30:00+00:00,-0.18477047704770477
2024-07-12 16:30:00+00:00,0.15956795679567956
2024-07-12 17:30:00+00:00,-0.23599159915991597
2024-07-12 18:30:00+00:00,0.42591059105910584
2024-07-12 19:30:00+00:00,0.04055205520552055
2024-07-15 13:30:00+00:00,0.11001500150015
2024-07-15 14:30:00+00:00,0.050033003300330024
2024-07-15 15:30:00+00:00,0.10016831733713652
2024-07-15 16:30:00+00:00,0.07132956093345895
2024-07-15 17:30:00+00:00,0.013225362212367392
2024-07-15 18:30:00+00:00,-0.019381938193819382
2024-07-15 19:30:00+00:00,-0.009708970897089709
2024-07-16 13:30:00+00:00,0.021494149414941495
2024-07-16 14:30:00+00:00,-0.017965796579657963
2024-07-16 15:30:00+00:00,-0.04552055205520551
2024-07-16 16:30:00+00:00,-0.006816681668166816
2024-07-16 17:30:00+00:00,0.23787578757875782
2024-07-16 18:30:00+00:00,0.08579657965796579
2024-07-16 19:30:00+00:00,0.030327032703270324
2024-07-17 13:30:00+00:00,-0.3706690669066906
2024-07-17 14:30:00+00:00,-0.1535498156317011
2024-07-17 15:30:00+00:00,0.1917677520793272
2024-07-17 16:30:00+00:00,0.16174665990669831
2024-07-17 17:30:00+00:00,-0.01771982514206938
2024-07-17 18:30:00+00:00,0.07684368436843685
2024-07-17 19:30:00+00:00,-0.00132013201320132
2024-07-18 13:30:00+00:00,0.06433843384338434
2024-07-18 14:30:00+00:00,-0.04906090609060905
2024-07-18 15:30:00+00:00,0.015733573357335735
2024-07-18 16:30:00+00:00,0.16697269726972694
2024-07-18 17:30:00+00:00,0.23915991599159914
2024-07-18 18:30:00+00:00,-0.17399339933993396
2024-07-18 19:30:00+00:00,0.04391239123912391
2024-07-19 13:30:00+00:00,0.07726372637263725
2024-07-19 14:30:00+00:00,0.023438343834383438
2024-07-19 15:30:00+00:00,-0.12296429642964296
2024-07-19 16:30:00+00:00,0.1285208520852085
2024-07-19 17:30:00+00:00,-0.1397299729972997
2024-07-19 18:30:00+00:00,-0.3212121212121212
2024-07-19 19:30:00+00:00,-0.28302430243024296
2024-07-22 13:30:00+00:00,-0.4712511251125112
2024-07-22 14:30:00+00:00,-0.4186738673867386
2024-07-22 15:30:00+00:00,0.4001320132013201
2024-07-22 16:30:00+00:00,0.32212421242124206
2024-07-22 17:30:00+00:00,-0.12783678367836782
2024-07-22 18:30:00+00:00,0.08643264326432643
2024-07-22 19:30:00+00:00,0.0066486648664866475
2024-07-23 13:30:00+00:00,0.063006300630063
2024-07-23 14:30:00+00:00,-0.332013201320132
2024-07-23 15:30:00+00:00,-0.15076552885015007
2024-07-23 16:30:00+00:00,-0.14090051275344773
2024-07-23 17:30:00+00:00,-0.11788778877887787
2024-07-23 18:30:00+00:00,-0.18601860186018598
2024-07-23 19:30:00+00:00,0.2166216621662166
2024-07-24 13:30:00+00:00,0.5599879987998799
2024-07-24 14:30:00+00:00,0.706078607860786
2024-07-24 15:30:00+00:00,-0.3069666966696669
2024-07-24 16:30:00+00:00,-0.0141014101410141
2024-07-24 17:30:00+00:00,0.306978697869787
2024-07-24 18:30:00+00:00,0.2723552355235523
2024-07-24 19:30:00+00:00,0.12180018001800179
2024-07-25 13:30:00+00:00,-0.5314611461146114
2024-07-25 14:30:00+00:00,0.5069186918691868
2024-07-25 15:30:00+00:00,0.05279327932793279
2024-07-25 16:30:00+00:00,-0.04415241524152415
2024-07-25 17:30:00+00:00,-0.1802220222022202
2024-07-25 18:30:00+00:00,0.32304830483048297
2024-07-25 19:30:00+00:00,-0.17071707170717068
2024-07-26 13:30:00+00:00,-0.28308430843084303
2024-07-26 14:30:00+00:00,-0.2638463846384638
2024-07-26 15:30:00+00:00,0.20080408040804076
2024-07-26 16:30:00+00:00,-0.23459945994599457
2024-07-26 17:30:00+00:00,-0.08048004800480046
2024-07-26 18:30:00+00:00,0.10694269426942693
2024-07-26 19:30:00+00:00,0.03981998199819981
2024-07-29 13:30:00+00:00,-0.3593399339933993
2024-07-29 14:30:00+00:00,-0.4432523252325232
2024-07-29 15:30:00+00:00,-0.1988502712446982
2024-07-29 16:30:00+00:00,0.18689693246989472
2024-07-29 17:30:00+00:00,-0.18606883972344748
2024-07-29 18:30:00+00:00,-0.07890883779551518
2024-07-29 19:30:00+00:00,0.19243924392439243
2024-07-30 13:30:00+00:00,0.311071107110711
2024-07-30 14:30:00+00:00,0.4937653765376537
2024-07-30 15:30:00+00:00,0.3640564056405641
2024-07-30 16:30:00+00:00,-0.1965076507650765
2024-07-30 17:30:00+00:00,-0.08476447644764476
2024-07-30 18:30:00+00:00,-0.04651665166516652
2024-07-30 19:30:00+00:00,-0.2668346834683468
2024-07-31 13:30:00+00:00,0.05106510651065106
2024-07-31 14:30:00+00:00,-0.039567956795679565
2024-07-31 15:30:00+00:00,-0.15786378637863788
2024-07-31 16:30:00+00:00,-0.07644764476447645
2024-07-31 17:30:00+00:00,0.08336033603360335
2024-07-31 18:30:00+00:00,0.035895589558955894
2024-07-31 19:30:00+00:00,-0.20421242124212421
2024-08-01 13:30:00+00:00,0.31057905790579055
2024-08-01 14:30:00+00:00,0.31815181518151814
2024-08-01 15:30:00+00:00,0.3841344134413441
2024-08-01 16:30:00+00:00,0.4524692469246924
2024-08-01 17:30:00+00:00,-0.24003600360036
2024-08-01 18:30:00+00:00,-0.05320132013201319
2024-08-01 19:30:00+00:00,-0.2047884788478848
2024-08-02 13:30:00+00:00,-0.4619501950195019
2024-08-02 14:30:00+00:00,-0.024878487848784877
2024-08-02 15:30:00+00:00,-0.03681968196819682
2024-08-02 16:30:00+00:00,-0.3225922592259226
2024-08-02 17:30:00+00:00,-0.22105010501050104
2024-08-02 18:30:00+00:00,-0.0011761211404827626
2024-08-02 19:30:00+00:00,-0.05928610646923314
2024-08-05 13:30:00+00:00,-0.6368436843684367
2024-08-05 14:30:00+00:00,0.4348754875487549
2024-08-05 15:30:00+00:00,-0.4005520552055205
2024-08-05 16:30:00+00:00,0.2806240624062406
2024-08-05 17:30:00+00:00,-0.1435223522352235
2024-08-05 18:30:00+00:00,-0.06453045304530453
2024-08-05 19:30:00+00:00,0.08747674767476746
2024-08-06 13:30:00+00:00,0.04224422442244224
2024-08-06 14:30:00+00:00,0.010225022502250224
2024-08-06 15:30:00+00:00,0.2726552655265526
2024-08-06 16:30:00+00:00,0.10226222622262224
2024-08-06 17:30:00+00:00,-0.08925292529252925
2024-08-06 18:30:00+00:00,-0.07205520552055206
2024-08-06 19:30:00+00:00,-0.14699069906990697
2024-08-07 13:30:00+00:00,-0.0811041104110411
2024-08-07 14:30:00+00:00,-0.23780378037803776
2024-08-07 15:30:00+00:00,0.22265826582658263
2024-08-07 16:30:00+00:00,0.4424122412241223
2024-08-07 17:30:00+00:00,-0.20916891689168912
2024-08-07 18:30:00+00:00,0.026126612661266126
2024-08-07 19:30:00+00:00,-0.5279687968796879
2024-08-08 13:30:00+00:00,0.2998739873987398
2024-08-08 14:30:00+00:00,0.13012901290129011
2024-08-08 15:30:00+00:00,0.208040804080408
2024-08-08 16:30:00+00:00,-0.070999099909991
2024-08-08 17:30:00+00:00,-0.07623162316231623
2024-08-08 18:30:00+00:00,-0.4725472547254725
2024-08-08 19:30:00+00:00,-0.12806480648064805
2024-08-09 13:30:00+00:00,0.08916891689168915
2024-08-09 14:30:00+00:00,-0.0875127512751275
2024-08-09 15:30:00+00:00,-0.2530813081308131
2024-08-09 16:30:00+00:00,-0.051413141314131404
2024-08-09 17:30:00+00:00,-0.30057005700570055
2024-08-09 18:30:00+00:00,0.02549054905490549
2024-08-09 19:30:00+00:00,-0.2211101110111011
2024-08-12 13:30:00+00:00,0.08770477047704771
2024-08-12 14:30:00+00:00,-0.22456645664566457
2024-08-12 15:30:00+00:00,0.10517883342031563
2024-08-12 16:30:00+00:00,-0.10499281426034132
2024-08-12 17:30:00+00:00,-0.21516951695169514
2024-08-12 18:30:00+00:00,0.15599159915991595
2024-08-12 19:30:00+00:00,-0.07044704470447044
2024-08-13 13:30:00+00:00,0.11474347434743472
2024-08-13 14:30:00+00:00,-0.048268826882688264
2024-08-13 15:30:00+00:00,0.02724272427242724
2024-08-13 16:30:00+00:00,-0.19242724272427242
2024-08-13 17:30:00+00:00,-0.35300330033003297
2024-08-13 18:30:00+00:00,-0.4015841584158416
2024-08-13 19:30:00+00:00,-0.1495229522952295
2024-08-14 13:30:00+00:00,-0.2030609152751872
2024-08-14 14:30:00+00:00,-0.2518939450774766
2024-08-14 15:30:00+00:00,-0.05700587160503187
2024-08-14 16:30:00+00:00,0.054737637976957965
2024-08-14 17:30:00+00:00,0.06828703356476448
2024-08-14 18:30:00+00:00,-0.36149523401072997
2024-08-14 19:30:00+00:00,0.366048604860486
2024-08-15 13:30:00+00:00,0.1795259525952595
2024-08-15 14:30:00+00:00,0.11585393295561582
2024-08-15 15:30:00+00:00,-0.028958982775356187
2024-08-15 16:30:00+00:00,-0.22125412541254122
2024-08-15 17:30:00+00:00,-0.2473327332733273
2024-08-15 18:30:00+00:00,-0.23237923792379236
2024-08-15 19:30:00+00:00,-0.15438343834383436
2024-08-16 13:30:00+00:00,0.01681368136813681
2024-08-16 14:30:00+00:00,-0.5485988598859886
2024-08-16 15:30:00+00:00,-0.18077407740774076
2024-08-16 16:30:00+00:00,0.00288028802880288
2024-08-16 17:30:00+00:00,0.05899789978997899
2024-08-16 18:30:00+00:00,-0.28124812481248124
2024-08-16 19:30:00+00:00,-0.04732073207320731
2024-08-19 13:30:00+00:00,-0.07197119711971196
2024-08-19 14:30:00+00:00,-0.0916171617161716
2024-08-19 15:30:00+00:00,0.05207320732073207
2024-08-19 16:30:00+00:00,0.35217627415782315
2024-08-19 17:30:00+00:00,0.1298533748981989
2024-08-19 18:30:00+00:00,0.2441284128412841
2024-08-19 19:30:00+00:00,-0.2327272727272727
2024-08-20 13:30:00+00:00,0.034407440744074404
2024-08-20 14:30:00+00:00,-0.2396279627962796
2024-08-20 15:30:00+00:00,-0.050525052505250516
2024-08-20 16:30:00+00:00,-0.07770870338037426
2024-08-20 17:30:00+00:00,-0.158453746831055
2024-08-20 18:30:00+00:00,-0.08796879687968795
2024-08-20 19:30:00+00:00,-0.03738373837383738
2024-08-21 13:30:00+00:00,0.056165616561656154
2024-08-21 14:30:00+00:00,0.048760876087608755
2024-08-21 15:30:00+00:00,0.10793879387938793
2024-08-21 16:30:00+00:00,-0.03503150315031503
2024-08-21 17:30:00+00:00,-0.4589618961896189
2024-08-21 18:30:00+00:00,-0.27045904590459047
2024-08-21 19:30:00+00:00,-0.08160816081608159
2024-08-22 13:30:00+00:00,-0.14989498949894986
2024-08-22 14:30:00+00:00,0.24744074407440741
2024-08-22 15:30:00+00:00,-0.049384938493849374
2024-08-22 16:30:00+00:00,0.5833783378337833
2024-08-22 17:30:00+00:00,0.5893549354935492
2024-08-22 18:30:00+00:00,0.2715151515151515
2024-08-22 19:30:00+00:00,-0.3452025202520252
2024-08-23 13:30:00+00:00,-0.1062106210621062
2024-08-23 14:30:00+00:00,-0.05912991299129913
2024-08-23 15:30:00+00:00,-0.3879147914791479
2024-08-23 16:30:00+00:00,-0.1850945094509451
2024-08-23 17:30:00+00:00,-0.17029702970297028
2024-08-23 18:30:00+00:00,-0.16374486572190627
2024-08-23 19:30:00+00:00,-0.04805895007207371
2024-08-26 13:30:00+00:00,-0.29174917491749175
2024-08-26 14:30:00+00:00,-0.29332133213321326
2024-08-26 15:30:00+00:00,0.15270327032703268
2024-08-26 16:30:00+00:00,-0.01858985898589859
2024-08-26 17:30:00+00:00,-0.21770842396864853
2024-08-26 18:30:00+00:00,-0.20911553890144796
2024-08-26 19:30:00+00:00,0.015325532553255323
2024-08-27 13:30:00+00:00,0.2442484248424842
2024-08-27 14:30:00+00:00,-0.031179117911791177
2024-08-27 15:30:00+00:00,-0.050669066906690666
2024-08-27 16:30:00+00:00,-0.11216321632163215
2024-08-27 17:30:00+00:00,0.019597959795979593
2024-08-27 18:30:00+00:00,-0.10223822382238222
2024-08-27 19:30:00+00:00,0.08151215121512151
2024-08-28 13:30:00+00:00,0.36536453645364536
2024-08-28 14:30:00+00:00,-0.5039783978397839
2024-08-28 15:30:00+00:00,0.3567716771677167
2024-08-28 16:30:00+00:00,-0.29405340534053404
2024-08-28 17:30:00+00:00,-0.4556735673567356
2024-08-28 18:30:00+00:00,-0.39135913591359134
2024-08-28 19:30:00+00:00,-0.2958175817581758
2024-08-29 13:30:00+00:00,0.2873327332733273
2024-08-29 14:30:00+00:00,-0.18499305428542392
2024-08-29 15:30:00+00:00,0.09799609359808163
2024-08-29 16:30:00+00:00,0.3789018901890189
2024-08-29 17:30:00+00:00,0.47023102310231024
2024-08-29 18:30:00+00:00,-0.1743174317431743
2024-08-29 19:30:00+00:00,0.07440744074407439
2024-08-30 13:30:00+00:00,-0.24939693969396937
2024-08-30 14:30:00+00:00,0.08058805880588057
2024-08-30 15:30:00+00:00,-0.2613861386138614
2024-08-30 16:30:00+00:00,-0.06841884188418841
2024-08-30 17:30:00+00:00,-0.09875787578757873
2024-08-30 18:30:00+00:00,0.1840864086408641
2024-08-30 19:30:00+00:00,-0.39198319831983197
2024-09-03 13:30:00+00:00,0.31131113111311126
2024-09-03 14:30:00+00:00,0.28346834683468347
2024-09-03 15:30:00+00:00,0.22606660666066603
2024-09-03 16:30:00+00:00,0.15055505550555054
2024-09-03 17:30:00+00:00,-0.315007500750075
2024-09-03 18:30:00+00:00,-0.17923792379237924
2024-09-03 19:30:00+00:00,0.07063906390639063
2024-09-04 13:30:00+00:00,-0.12156015601560155
2024-09-04 14:30:00+00:00,0.2764956495649565
2024-09-04 15:30:00+00:00,0.20720072007200716
2024-09-04 16:30:00+00:00,0.04186018601860185
2024-09-04 17:30:00+00:00,0.18930693069306928
2024-09-04 18:30:00+00:00,0.06191419141914191
2024-09-04 19:30:00+00:00,-0.053525513128093075
2024-09-05 13:30:00+00:00,-0.19974857410403163
2024-09-05 14:30:00+00:00,-0.559015901590159
2024-09-05 15:30:00+00:00,-0.4125412541254125
2024-09-05 16:30:00+00:00,-0.2075967596759676
2024-09-05 17:30:00+00:00,0.20243867314596956
2024-09-05 18:30:00+00:00,-0.22826556575980203
2024-09-05 19:30:00+00:00,0.0667026702670267
2024-09-06 13:30:00+00:00,0.38903090309030897
2024-09-06 14:30:00+00:00,0.2155415541554155
2024-09-06 15:30:00+00:00,-0.20831683168316828
2024-09-06 16:30:00+00:00,-0.4375997599759976
2024-09-06 17:30:00+00:00,-0.45513351335133506
2024-09-06 18:30:00+00:00,-0.07543954395439544
2024-09-06 19:30:00+00:00,0.1242364236423642
2024-09-09 13:30:00+00:00,-0.2946174617461746
2024-09-09 14:30:00+00:00,-0.2884248424842484
2024-09-09 15:30:00+00:00,0.02429042904290429
2024-09-09 16:30:00+00:00,-0.2684668466846684
2024-09-09 17:30:00+00:00,-0.347098709870987
2024-09-09 18:30:00+00:00,0.1262166216621662
2024-09-09 19:30:00+00:00,0.3241044104410441
2024-09-10 13:30:00+00:00,-0.21696969696969695
2024-09-10 14:30:00+00:00,-0.04349234923492349
2024-09-10 15:30:00+00:00,-0.40967296729672964
2024-09-10 16:30:00+00:00,0.3685808580858085
2024-09-10 17:30:00+00:00,0.11858385838583857
2024-09-10 18:30:00+00:00,0.13934593459345931
2024-09-10 19:30:00+00:00,-0.1566156615661566
2024-09-11 13:30:00+00:00,-0.22317431743174315
2024-09-11 14:30:00+00:00,-0.002424242424242424
2024-09-11 15:30:00+00:00,0.23739573957395738
2024-09-11 16:30:00+00:00,0.07930393039303929
2024-09-11 17:30:00+00:00,0.2807560756075607
2024-09-11 18:30:00+00:00,-0.021806180618061805
2024-09-11 19:30:00+00:00,-0.16420042004200416
2024-09-12 13:30:00+00:00,0.1131113111311131
2024-09-12 14:30:00+00:00,-0.26291344632492025
2024-09-12 15:30:00+00:00,0.006492727185912351
2024-09-12 16:30:00+00:00,0.06875487548754874
2024-09-12 17:30:00+00:00,-0.07151515151515152
2024-09-12 18:30:00+00:00,-0.3218121812181218
2024-09-12 19:30:00+00:00,-0.0058565856585658565
2024-09-13 13:30:00+00:00,-0.2039003900390039
2024-09-13 14:30:00+00:00,-0.16691319205953328
2024-09-13 15:30:00+00:00,0.01079511189657393
2024-09-13 16:30:00+00:00,-0.21803780378037801
2024-09-13 17:30:00+00:00,0.04703284438318313
2024-09-13 18:30:00+00:00,0.1031206214244708
2024-09-13 19:30:00+00:00,0.1841104110411041
2024-09-16 13:30:00+00:00,-0.08714071407140712
2024-09-16 14:30:00+00:00,-0.24420042004200418
2024-09-16 15:30:00+00:00,-0.19137113711371134
2024-09-16 16:30:00+00:00,0.07882388238823883
2024-09-16 17:30:00+00:00,-0.2545934593459346
2024-09-16 18:30:00+00:00,-0.40908490849084905
2024-09-16 19:30:00+00:00,0.09686168616861685
2024-09-17 13:30:00+00:00,0.3232643264326432
2024-09-17 14:30:00+00:00,-0.024482448244824484
2024-09-17 15:30:00+00:00,-0.26525052505250524
2024-09-17 16:30:00+00:00,0.09114338776935042
2024-09-17 17:30:00+00:00,-0.19172574775288137
2024-09-17 18:30:00+00:00,-0.10937893789378936
2024-09-17 19:30:00+00:00,-0.03587201766856195
2024-09-18 13:30:00+00:00,-0.1289064375302857
2024-09-18 14:30:00+00:00,0.044248424842484244
2024-09-18 15:30:00+00:00,-0.25297329732973295
2024-09-18 16:30:00+00:00,0.31227122712271227
2024-09-18 17:30:00+00:00,-0.5713411341134113
2024-09-18 18:30:00+00:00,0.3767776777677767
2024-09-18 19:30:00+00:00,-0.7357935793579358
2024-09-19 13:30:00+00:00,0.37030903090309025
2024-09-19 14:30:00+00:00,-0.063006300630063
2024-09-19 15:30:00+00:00,-0.19606360636063602
2024-09-19 16:30:00+00:00,-0.008544854485448544
2024-09-19 17:30:00+00:00,0.055697569756975686
2024-09-19 18:30:00+00:00,-0.12069606960696068
2024-09-19 19:30:00+00:00,-0.1541074107410741
2024-09-20 13:30:00+00:00,0.1876147614761476
2024-09-20 14:30:00+00:00,-0.4739888208506808
2024-09-20 15:30:00+00:00,-0.6086426901998298
2024-09-20 16:30:00+00:00,-0.1967956795679568
2024-09-20 17:30:00+00:00,-0.0994059405940594
2024-09-20 18:30:00+00:00,-0.28084008400840077
2024-09-20 19:30:00+00:00,-0.0937053705370537
2024-09-23 13:30:00+00:00,-0.05062106210621061
2024-09-23 14:30:00+00:00,-0.17113762717636935
2024-09-23 15:30:00+00:00,0.11526587238537445
2024-09-23 16:30:00+00:00,0.09628591744993065
2024-09-23 17:30:00+00:00,0.17136565066278944
2024-09-23 18:30:00+00:00,0.13279327932793278
2024-09-23 19:30:00+00:00,0.07582358235823582
2024-09-24 13:30:00+00:00,-0.01212121212121212
2024-09-24 14:30:00+00:00,0.36216021602160214
2024-09-24 15:30:00+00:00,-0.21983798379837982
2024-09-24 16:30:00+00:00,-0.020006000600060005
2024-09-24 17:30:00+00:00,-0.1154275427542754
2024-09-24 18:30:00+00:00,-0.08038403840384037
2024-09-24 19:30:00+00:00,0.16334833483348335
2024-09-25 13:30:00+00:00,0.06421842184218421
2024-09-25 14:30:00+00:00,-0.118019801980198
2024-09-25 15:30:00+00:00,-0.021986198619861983
2024-09-25 16:30:00+00:00,-0.1559315931593159
2024-09-25 17:30:00+00:00,-0.11321932193219321
2024-09-25 18:30:00+00:00,-0.11850620613976572
2024-09-25 19:30:00+00:00,0.10878520487659185
2024-09-26 13:30:00+00:00,-0.18995727522850406
2024-09-26 14:30:00+00:00,-0.007092794393482809
2024-09-26 15:30:00+00:00,-0.04866486648664866
2024-09-26 16:30:00+00:00,-0.16021602160216022
2024-09-26 17:30:00+00:00,0.2451245124512451
2024-09-26 18:30:00+00:00,-0.07198941491005971
2024-09-26 19:30:00+00:00,0.19150372488452494
2024-09-27 13:30:00+00:00,0.41411341134113405
2024-09-27 14:30:00+00:00,-0.2582298229822982
2024-09-27 15:30:00+00:00,-0.09603360336033602
2024-09-27 16:30:00+00:00,0.15235523552355235
2024-09-27 17:30:00+00:00,-0.27683168316831686
2024-09-27 18:30:00+00:00,0.145022502250225
2024-09-27 19:30:00+00:00,-0.03955595559555954
2024-09-30 13:30:00+00:00,-0.26366636663666365
2024-09-30 14:30:00+00:00,-0.24627662766276623
2024-09-30 15:30:00+00:00,0.08556855685568555
2024-09-30 16:30:00+00:00,0.2658145814581458
2024-09-30 17:30:00+00:00,-0.11125745951883113
2024-09-30 18:30:00+00:00,0.07526575237283312
2024-09-30 19:30:00+00:00,-0.4934173417341734
2024-10-01 13:30:00+00:00,0.03726372637263726
2024-10-01 14:30:00+00:00,0.09102910291029101
2024-10-01 15:30:00+00:00,-0.33264926492649255
2024-10-01 16:30:00+00:00,-0.5733333333333333
2024-10-01 17:30:00+00:00,-0.5497509750975097
2024-10-01 18:30:00+00:00,0.43138313831383135
2024-10-01 19:30:00+00:00,-0.43728772877287725
2024-10-02 13:30:00+00:00,-0.1537113711371137
2024-10-02 14:30:00+00:00,0.12806480648064805
2024-10-02 15:30:00+00:00,-0.08435643564356435
2024-10-02 16:30:00+00:00,-0.0867206720672067
2024-10-02 17:30:00+00:00,-0.008952895289528954
2024-10-02 18:30:00+00:00,0.015073507350735073
2024-10-02 19:30:00+00:00,-0.18385838583858383
2024-10-03 13:30:00+00:00,-0.16328832883288327
2024-10-03 14:30:00+00:00,0.13260126012601256
2024-10-03 15:30:00+00:00,0.19123912391239123
2024-10-03 16:30:00+00:00,-0.10904290429042904
2024-10-03 17:30:00+00:00,-0.026906690669066903
2024-10-03 18:30:00+00:00,-0.011587193480980687
2024-10-03 19:30:00+00:00,0.3037572870019282
2024-10-04 13:30:00+00:00,-0.0072127212721272115
2024-10-04 14:30:00+00:00,-0.08163216321632162
2024-10-04 15:30:00+00:00,-0.20450045004500444
2024-10-04 16:30:00+00:00,0.17553007959898864
2024-10-04 17:30:00+00:00,0.15960443925796183
2024-10-04 18:30:00+00:00,-0.05431743174317431
2024-10-04 19:30:00+00:00,-0.09806180618061805
2024-10-07 13:30:00+00:00,0.04979297929792979
2024-10-07 14:30:00+00:00,0.02575457545754575
2024-10-07 15:30:00+00:00,0.12056405640564057
2024-10-07 16:30:00+00:00,0.022754275427542752
2024-10-07 17:30:00+00:00,-0.36163216321632163
2024-10-07 18:30:00+00:00,-0.16679267926792676
2024-10-07 19:30:00+00:00,-0.14597059705970594
2024-10-08 13:30:00+00:00,-0.06705070507050705
2024-10-08 14:30:00+00:00,-0.028934893489348933
2024-10-08 15:30:00+00:00,-0.2685508550855085
2024-10-08 16:30:00+00:00,-0.20943294329432938
2024-10-08 17:30:00+00:00,0.39638763876387634
2024-10-08 18:30:00+00:00,-0.09885388538853884
2024-10-08 19:30:00+00:00,0.012445244524452444
2024-10-09 13:30:00+00:00,-0.04672067206720671
2024-10-09 14:30:00+00:00,-0.08663666366636663
2024-10-09 15:30:00+00:00,0.05494149414941494
2024-10-09 16:30:00+00:00,-0.10759075907590757
2024-10-09 17:30:00+00:00,-0.19185118511851182
2024-10-09 18:30:00+00:00,-0.3069136121034279
2024-10-09 19:30:00+00:00,-0.06825703047444605
2024-10-10 13:30:00+00:00,-0.22379837983798376
2024-10-10 14:30:00+00:00,-0.09753375337533753
2024-10-10 15:30:00+00:00,-0.0029402940294029397
2024-10-10 16:30:00+00:00,-0.276987698769877
2024-10-10 17:30:00+00:00,-0.17666966696669667
2024-10-10 18:30:00+00:00,-0.11657965796579656
2024-10-10 19:30:00+00:00,0.04889288928892889
2024-10-11 13:30:00+00:00,0.058145814581458136
2024-10-11 14:30:00+00:00,-0.16249673716465926
2024-10-11 15:30:00+00:00,-0.0892171893709067
2024-10-11 16:30:00+00:00,-0.0788958895889589
2024-10-11 17:30:00+00:00,0.18190273598262482
2024-10-11 18:30:00+00:00,0.18322287195663609
2024-10-11 19:30:00+00:00,-0.1565076507650765
2024-10-14 13:30:00+00:00,-0.3858625862586258
2024-10-14 14:30:00+00:00,-0.16969696969696968
2024-10-14 15:30:00+00:00,-0.14865886588658866
2024-10-14 16:30:00+00:00,-0.0549054905490549
2024-10-14 17:30:00+00:00,0.05432943294329432
2024-10-14 18:30:00+00:00,-0.18401495354104286
2024-10-14 19:30:00+00:00,0.014185461102557405
2024-10-15 13:30:00+00:00,0.16945694569456943
2024-10-15 14:30:00+00:00,0.12097209720972095
2024-10-15 15:30:00+00:00,0.022778277827782776
2024-10-15 16:30:00+00:00,0.021842184218421837
2024-10-15 17:30:00+00:00,-0.415025502550255
2024-10-15 18:30:00+00:00,-0.38217821782178213
2024-10-15 19:30:00+00:00,-0.19167116711671164
2024-10-16 13:30:00+00:00,-0.06795099895319799
2024-10-16 14:30:00+00:00,0.17205572174011352
2024-10-16 15:30:00+00:00,0.07854785478547853
2024-10-16 16:30:00+00:00,7.2007200720072e-05
2024-10-16 17:30:00+00:00,0.15218721872187216
2024-10-16 18:30:00+00:00,-0.07048304830483047
2024-10-16 19:30:00+00:00,0.01408940894089409
2024-10-17 13:30:00+00:00,-0.02052205220522052
2024-10-17 14:30:00+00:00,0.04607260726072606
2024-10-17 15:30:00+00:00,-0.10005400540054005
2024-10-17 16:30:00+00:00,-0.0528052805280528
2024-10-17 17:30:00+00:00,0.24784878487848783
2024-10-17 18:30:00+00:00,0.4236423642364236
2024-10-17 19:30:00+00:00,-0.27296729672967296
2024-10-18 13:30:00+00:00,-0.08436843684368435
2024-10-18 14:30:00+00:00,-0.08876087608760874
2024-10-18 15:30:00+00:00,-0.27635163516351635
2024-10-18 16:30:00+00:00,0.07854809045367021
2024-10-18 17:30:00+00:00,-0.24346907731605927
2024-10-18 18:30:00+00:00,-0.30267026702670263
2024-10-18 19:30:00+00:00,-0.26299429942994296
2024-10-21 13:30:00+00:00,-0.11044704470447045
2024-10-21 14:30:00+00:00,-0.22678667866786675
2024-10-21 15:30:00+00:00,-0.12838883888388838
2024-10-21 16:30:00+00:00,0.17699369936993697
2024-10-21 17:30:00+00:00,0.007548754875487548
2024-10-21 18:30:00+00:00,0.04916891689168916
2024-10-21 19:30:00+00:00,-0.2199459945994599
2024-10-22 13:30:00+00:00,-0.11962796279627962
2024-10-22 14:30:00+00:00,0.22707470747074704
2024-10-22 15:30:00+00:00,-0.28919291929192914
2024-10-22 16:30:00+00:00,0.14399039903990396
2024-10-22 17:30:00+00:00,-0.2868715477707114
2024-10-22 18:30:00+00:00,-0.09524781052491271
2024-10-22 19:30:00+00:00,-0.3574077407740774
2024-10-23 13:30:00+00:00,0.030351035103510345
2024-10-23 14:30:00+00:00,0.21128112811281127
2024-10-23 15:30:00+00:00,0.1437508063336993
2024-10-23 16:30:00+00:00,0.25955673434480564
2024-10-23 17:30:00+00:00,-0.42504650465046495
2024-10-23 18:30:00+00:00,0.2081248124812481
2024-10-23 19:30:00+00:00,0.13015301530153014
2024-10-24 13:30:00+00:00,0.07144314431443144
2024-10-24 14:30:00+00:00,0.08459645964596459
2024-10-24 15:30:00+00:00,-0.03167116711671167
2024-10-24 16:30:00+00:00,-0.03359135913591359
2024-10-24 17:30:00+00:00,0.13149714971497148
2024-10-24 18:30:00+00:00,0.030267026702670265
2024-10-24 19:30:00+00:00,-0.16006000600060002
2024-10-25 13:30:00+00:00,-0.057797779777977794
2024-10-25 14:30:00+00:00,-0.14257425742574256
2024-10-25 15:30:00+00:00,-0.25390939093909387
2024-10-25 16:30:00+00:00,0.09459345934593458
2024-10-25 17:30:00+00:00,0.1387098709870987
2024-10-25 18:30:00+00:00,0.22193819381938193
2024-10-25 19:30:00+00:00,0.02809480948094809
2024-10-28 13:30:00+00:00,-0.10885088508850883
2024-10-28 14:30:00+00:00,-0.008136813681368137
2024-10-28 15:30:00+00:00,0.11365136513651364
2024-10-28 16:30:00+00:00,-0.0772157215721572
2024-10-28 17:30:00+00:00,-0.16265226522652262
2024-10-28 18:30:00+00:00,0.04027602760276028
2024-10-28 19:30:00+00:00,0.07153915391539153
2024-10-29 13:30:00+00:00,0.233160015482644
2024-10-29 14:30:00+00:00,0.0037323956339371973
2024-10-29 15:30:00+00:00,-0.07244546188289996
2024-10-29 16:30:00+00:00,0.2233183318331833
2024-10-29 17:30:00+00:00,0.2758475847584758
2024-10-29 18:30:00+00:00,0.03717971797179718
2024-10-29 19:30:00+00:00,0.054269426942694265
2024-10-30 13:30:00+00:00,-0.12267626762676266
2024-10-30 14:30:00+00:00,0.1445304530453045
2024-10-30 15:30:00+00:00,-0.1278007800780078
2024-10-30 16:30:00+00:00,-0.058613861386138603
2024-10-30 17:30:00+00:00,-0.13362136213621362
2024-10-30 18:30:00+00:00,8.4008400840084e-05
2024-10-30 19:30:00+00:00,0.14000600060006
2024-10-31 13:30:00+00:00,0.35582358235823575
2024-10-31 14:30:00+00:00,-0.16878487848784876
2024-10-31 15:30:00+00:00,0.12398439843984396
2024-10-31 16:30:00+00:00,0.04946894689468947
2024-10-31 17:30:00+00:00,-0.25596159615961595
2024-10-31 18:30:00+00:00,0.2308430843084308
2024-10-31 19:30:00+00:00,0.07896789678967894
2024-11-01 13:30:00+00:00,0.03732373237323732
2024-11-01 14:30:00+00:00,-0.05976597659765975
2024-11-01 15:30:00+00:00,-0.08864086408640863
2024-11-01 16:30:00+00:00,-0.2644944494449445
2024-11-01 17:30:00+00:00,-0.1721092109210921
2024-11-01 18:30:00+00:00,-0.008892889288928892
2024-11-01 19:30:00+00:00,0.08769276927692768
2024-11-04 14:30:00+00:00,-0.20928892889288925
2024-11-04 15:30:00+00:00,-0.2514251425142514
2024-11-04 16:30:00+00:00,-0.0472007200720072
2024-11-04 17:30:00+00:00,-0.034287428742874285
2024-11-04 18:30:00+00:00,-0.07289528952895288
2024-11-04 19:30:00+00:00,0.2047884788478848
2024-11-04 20:30:00+00:00,-0.36322832283228323
2024-11-05 14:30:00+00:00,0.07354335433543353
2024-11-05 15:30:00+00:00,0.13116111611161116
2024-11-05 16:30:00+00:00,-0.12417641764176417
2024-11-05 17:30:00+00:00,0.17663366336633662
2024-11-05 18:30:00+00:00,0.09857815355025933
2024-11-05 19:30:00+00:00,-0.0508132337633063
2024-11-05 20:30:00+00:00,0.13348934893489348
2024-11-06 14:30:00+00:00,0.13786978697869787
2024-11-06 15:30:00+00:00,0.19026702670267023
2024-11-06 16:30:00+00:00,0.06363036303630362
2024-11-06 17:30:00+00:00,-0.048868886888688866
2024-11-06 18:30:00+00:00,0.01642964296429643
2024-11-06 19:30:00+00:00,0.16036003600360033
2024-11-06 20:30:00+00:00,-0.05344134413441344
2024-11-07 14:30:00+00:00,0.26498649864986495
2024-11-07 15:30:00+00:00,-0.04912091209120911
2024-11-07 16:30:00+00:00,-0.05544554455445544
2024-11-07 17:30:00+00:00,0.013693369336933691
2024-11-07 18:30:00+00:00,0.034167416741674166
2024-11-07 19:30:00+00:00,0.1517191719171917
2024-11-07 20:30:00+00:00,-0.15791179117911788
2024-11-08 14:30:00+00:00,0.1354935493549355
2024-11-08 15:30:00+00:00,0.029738973897389734
2024-11-08 16:30:00+00:00,0.08871287128712871
2024-11-08 17:30:00+00:00,0.044320432043204315
2024-11-08 18:30:00+00:00,-0.2794359435943594
2024-11-08 19:30:00+00:00,0.05498949894989498
2024-11-08 20:30:00+00:00,-0.30204620462046206
2024-11-11 14:30:00+00:00,0.17032103210321028
2024-11-11 15:30:00+00:00,-0.10407440744074406
2024-11-11 16:30:00+00:00,0.08570057005700568
2024-11-11 17:30:00+00:00,-0.06172217221722172
2024-11-11 18:30:00+00:00,-0.05802580258025802
2024-11-11 19:30:00+00:00,0.21437208032523827
2024-11-11 20:30:00+00:00,-0.11278761712507147
2024-11-12 14:30:00+00:00,0.027038703870387034
2024-11-12 15:30:00+00:00,0.2925652565256525
2024-11-12 16:30:00+00:00,0.0449084908490849
2024-11-12 17:30:00+00:00,0.056465646564656455
2024-11-12 18:30:00+00:00,-0.059321932193219316
2024-11-12 19:30:00+00:00,0.11925592559255925
2024-11-12 20:30:00+00:00,0.02112211221122112
2024-11-13 14:30:00+00:00,-0.015133513351335132
2024-11-13 15:30:00+00:00,0.28916891689168917
2024-11-13 16:30:00+00:00,0.058596035391909065
2024-11-13 17:30:00+00:00,0.16640914014218353
2024-11-13 18:30:00+00:00,-0.20291629162916291
2024-11-13 19:30:00+00:00,-0.08594059405940593
2024-11-13 20:30:00+00:00,-0.06016201620162015
2024-11-14 14:30:00+00:00,-0.25328532853285324
2024-11-14 15:30:00+00:00,0.3132313231323132
2024-11-14 16:30:00+00:00,-0.02187225284214117
2024-11-14 17:30:00+00:00,0.09759405218781454
2024-11-14 18:30:00+00:00,0.07212721272127212
2024-11-14 19:30:00+00:00,-0.07023102310231022
2024-11-14 20:30:00+00:00,0.004392439243924392
2024-11-15 14:30:00+00:00,0.3211761176117611
2024-11-15 15:30:00+00:00,-0.07545154515451544
2024-11-15 16:30:00+00:00,-0.007560756075607559
2024-11-15 17:30:00+00:00,0.14489092376579996
2024-11-15 18:30:00+00:00,0.08475272953152316
2024-11-15 19:30:00+00:00,0.09509750975097507
2024-11-15 20:30:00+00:00,-0.0967056705670567
2024-11-18 14:30:00+00:00,-0.13897389738973898
2024-11-18 15:30:00+00:00,-0.13245724572457246
2024-11-18 16:30:00+00:00,-0.03085508550855085
2024-11-18 17:30:00+00:00,0.22093009300930092
2024-11-18 18:30:00+00:00,-0.3152235223522352
2024-11-18 19:30:00+00:00,-0.16249624962496248
2024-11-18 20:30:00+00:00,-0.024710471047104707
2024-11-19 14:30:00+00:00,0.06874287428742873
2024-11-19 15:30:00+00:00,0.006684668466846683
2024-11-19 16:30:00+00:00,-0.09068106810681067
2024-11-19 17:30:00+00:00,0.1813261326132613
2024-11-19 18:30:00+00:00,-0.021314131413141313
2024-11-19 19:30:00+00:00,0.14217821782178217
2024-11-19 20:30:00+00:00,-0.1193039303930393
2024-11-20 14:30:00+00:00,-0.20073207320732073
2024-11-20 15:30:00+00:00,0.20320432043204315
2024-11-20 16:30:00+00:00,-0.14898289828982897
2024-11-20 17:30:00+00:00,0.06467446744674467
2024-11-20 18:30:00+00:00,-0.2382358235823582
2024-11-20 19:30:00+00:00,0.26036603660366037
2024-11-20 20:30:00+00:00,-0.13676567656765676
2024-11-21 14:30:00+00:00,0.05878187818781878
2024-11-21 15:30:00+00:00,0.1623162316231623
2024-11-21 16:30:00+00:00,0.12428442844284426
2024-11-21 17:30:00+00:00,0.05004500450045003
2024-11-21 18:30:00+00:00,-0.06397839783978397
2024-11-21 19:30:00+00:00,0.03168316831683168
2024-11-21 20:30:00+00:00,-0.10287428742874286
2024-11-22 14:30:00+00:00,0.27751575157515745
2024-11-22 15:30:00+00:00,-0.010573057305730571
2024-11-22 16:30:00+00:00,0.07969996999699969
2024-11-22 17:30:00+00:00,0.10754275427542753
2024-11-22 18:30:00+00:00,-0.1400784280787225
2024-11-22 19:30:00+00:00,-0.10004830497586277
2024-11-22 20:30:00+00:00,0.02892289228922892
2024-11-25 14:30:00+00:00,0.1171077107710771
2024-11-25 15:30:00+00:00,-0.2967545657216048
2024-11-25 16:30:00+00:00,-0.12248461591599055
2024-11-25 17:30:00+00:00,-0.05323732373237323
2024-11-25 18:30:00+00:00,0.13074746698968834
2024-11-25 19:30:00+00:00,0.09235551261821531
2024-11-25 20:30:00+00:00,0.120996099609961
2024-11-26 14:30:00+00:00,-0.12577257725772575
2024-11-26 15:30:00+00:00,-0.11203120312031202
2024-11-26 16:30:00+00:00,-0.12814881488148813
2024-11-26 17:30:00+00:00,0.013969396939693967
2024-11-26 18:30:00+00:00,0.06148214821482148
2024-11-26 19:30:00+00:00,-0.16973297329732973
2024-11-26 20:30:00+00:00,-0.18886288628862885
2024-11-27 14:30:00+00:00,0.24537653765376533
2024-11-27 15:30:00+00:00,0.10389438943894388
2024-11-27 16:30:00+00:00,-0.19888388838883883
2024-11-27 17:30:00+00:00,0.2508370837083708
2024-11-27 18:30:00+00:00,0.21519351935193515
2024-11-27 19:30:00+00:00,0.15553001959271798
2024-11-27 20:30:00+00:00,0.0912453982764331
2024-11-29 14:30:00+00:00,-0.308046804680468
2024-11-29 15:30:00+00:00,-0.20282028202820282
2024-11-29 16:30:00+00:00,
2024-12-02 15:30:00+00:00,0.021854185418541852
2024-12-02 16:30:00+00:00,-0.18688268826882684
2024-12-02 17:30:00+00:00,0.28363636363636363
2024-12-02 18:30:00+00:00,-0.03701170117011701
2024-12-02 19:30:00+00:00,0.11987998799879987
2024-12-02 20:30:00+00:00,-0.09129312931293129
2024-12-03 14:30:00+00:00,-0.040948094809480945
2024-12-03 15:30:00+00:00,-0.3825382538253825
2024-12-03 16:30:00+00:00,0.03716771677167716
2024-12-03 17:30:00+00:00,0.09298529852985297
2024-12-03 18:30:00+00:00,-0.05713771377137713
2024-12-03 19:30:00+00:00,0.15648364836483647
2024-12-03 20:30:00+00:00,0.47475547554755465
2024-12-04 14:30:00+00:00,-0.014113411341134112
2024-12-04 15:30:00+00:00,-0.006216621662166216
2024-12-04 16:30:00+00:00,-0.11552355235523551
2024-12-04 17:30:00+00:00,0.1976477647764776
2024-12-04 18:30:00+00:00,0.03404150627529955
2024-12-04 19:30:00+00:00,-0.10466909492406194
2024-12-04 20:30:00+00:00,-0.07224744148679828
2024-12-05 14:30:00+00:00,0.2885688568856885
2024-12-05 15:30:00+00:00,-0.028382838283828378
2024-12-05 16:30:00+00:00,-0.10094209420942094
2024-12-05 17:30:00+00:00,-0.15356781748589216
2024-12-05 18:30:00+00:00,-0.09760034563663747
2024-12-05 19:30:00+00:00,-0.11028535939251376
2024-12-05 20:30:00+00:00,0.28349234923492345
2024-12-06 14:30:00+00:00,0.018205820582058205
2024-12-06 15:30:00+00:00,-0.0422082208220822
2024-12-06 16:30:00+00:00,-0.08388263991228846
2024-12-06 17:30:00+00:00,-0.16332482245744812
2024-12-06 18:30:00+00:00,-0.19678367836783675
2024-12-06 19:30:00+00:00,-0.06697869786978697
2024-12-06 20:30:00+00:00,-0.05533753375337533
2024-12-09 14:30:00+00:00,0.017305730573057305
2024-12-09 15:30:00+00:00,-0.01688568856885688
2024-12-09 16:30:00+00:00,-0.11099909990999099
2024-12-09 17:30:00+00:00,-0.06689468946894687
2024-12-09 18:30:00+00:00,0.17327332733273326
2024-12-09 19:30:00+00:00,-0.07714371437143713
2024-12-09 20:30:00+00:00,-0.13576957695769576
2024-12-10 14:30:00+00:00,-0.2311311131113111
2024-12-10 15:30:00+00:00,-0.13026102610261026
2024-12-10 16:30:00+00:00,-0.15608760876087607
2024-12-10 17:30:00+00:00,0.13825382538253825
2024-12-10 18:30:00+00:00,0.13683768376837682
2024-12-10 19:30:00+00:00,-0.36771677167716765
2024-12-10 20:30:00+00:00,0.32676867686768674
2024-12-11 14:30:00+00:00,-0.06070207020702069
2024-12-11 15:30:00+00:00,-0.13363336333633363
2024-12-11 16:30:00+00:00,-0.07570357035703569
2024-12-11 17:30:00+00:00,0.2919900749790369
2024-12-11 18:30:00+00:00,0.2202826891179705
2024-12-11 19:30:00+00:00,-0.0556015601560156
2024-12-11 20:30:00+00:00,0.16769276927692767
2024-12-12 14:30:00+00:00,-0.04057605760576057
2024-12-12 15:30:00+00:00,-0.29026102610261023
2024-12-12 16:30:00+00:00,0.04864086408640864
2024-12-12 17:30:00+00:00,-0.16566456645664565
2024-12-12 18:30:00+00:00,0.09301558060522093
2024-12-12 19:30:00+00:00,-0.08526603820004919
2024-12-12 20:30:00+00:00,0.3174206943329448
2024-12-13 14:30:00+00:00,-0.11343534353435343
2024-12-13 15:30:00+00:00,-0.16429642964296426
2024-12-13 16:30:00+00:00,-0.014449444944494448
2024-12-13 17:30:00+00:00,0.2264266426642664
2024-12-13 18:30:00+00:00,-0.08670867086708668
2024-12-13 19:30:00+00:00,0.059369936993699364
2024-12-13 20:30:00+00:00,-0.1649084908490849
2024-12-16 14:30:00+00:00,0.13868586858685866
2024-12-16 15:30:00+00:00,0.092361513236279
2024-12-16 16:30:00+00:00,0.24307903714191958
2024-12-16 17:30:00+00:00,0.19825982598259825
2024-12-16 18:30:00+00:00,0.09179717971797179
2024-12-16 19:30:00+00:00,-0.024758475847584758
2024-12-16 20:30:00+00:00,-0.057461746174617453
2024-12-17 14:30:00+00:00,-0.4821362136213621
2024-12-17 15:30:00+00:00,-0.2076087608760876
2024-12-17 16:30:00+00:00,-0.1489108910891089
2024-12-17 17:30:00+00:00,-0.08836483648364836
2024-12-17 18:30:00+00:00,0.09642964296429642
2024-12-17 19:30:00+00:00,0.1861266126612661
2024-12-17 20:30:00+00:00,0.14367836783678367
2024-12-18 14:30:00+00:00,-0.08938493849384938
2024-12-18 15:30:00+00:00,0.01711371137113711
2024-12-18 16:30:00+00:00,-0.13356135613561354
2024-12-18 17:30:00+00:00,-0.3335613561356135
2024-12-18 18:30:00+00:00,0.7093909390939094
2024-12-18 19:30:00+00:00,0.1512151215121512
2024-12-18 20:30:00+00:00,-0.23447944794479444
2024-12-19 14:30:00+00:00,0.10004200420042003
2024-12-19 15:30:00+00:00,-0.3737533753375337
2024-12-19 16:30:00+00:00,-0.27427542754275425
2024-12-19 17:30:00+00:00,-0.05335733573357335
2024-12-19 18:30:00+00:00,0.05255325532553255
2024-12-19 19:30:00+00:00,-0.09368136813681369
2024-12-19 20:30:00+00:00,-0.014737473747374736
2024-12-20 14:30:00+00:00,-0.041992199219921984
2024-12-20 15:30:00+00:00,0.14969096909690968
2024-12-20 16:30:00+00:00,-0.39423942394239425
2024-12-20 17:30:00+00:00,-0.5351455145514551
2024-12-20 18:30:00+00:00,-0.07096309630963096
2024-12-20 19:30:00+00:00,0.05513351335133513
2024-12-20 20:30:00+00:00,-0.2694869486948695
2024-12-23 14:30:00+00:00,0.1777137713771377
2024-12-23 15:30:00+00:00,0.09947794779477948
2024-12-23 16:30:00+00:00,-0.39685568556855677
2024-12-23 17:30:00+00:00,0.07633963396339634
2024-12-23 18:30:00+00:00,-0.32962496249624956
2024-12-23 19:30:00+00:00,-0.14354635463546353
2024-12-23 20:30:00+00:00,0.021038103810381036
2024-12-24 14:30:00+00:00,-0.009732973297329731
2024-12-24 15:30:00+00:00,-0.10543054305430542
2024-12-24 16:30:00+00:00,
2024-12-26 15:30:00+00:00,-0.20518451845184518
2024-12-26 16:30:00+00:00,-0.001956195619561956
2024-12-26 17:30:00+00:00,-0.11643564356435643
2024-12-26 18:30:00+00:00,-0.3055394705668434
2024-12-26 19:30:00+00:00,-0.1685878703142533
2024-12-26 20:30:00+00:00,0.4258998676882886
2024-12-27 14:30:00+00:00,-0.689084908490849
2024-12-27 15:30:00+00:00,-0.34341434143414334
2024-12-27 16:30:00+00:00,-0.2821962196219622
2024-12-27 17:30:00+00:00,0.2033483348334833
2024-12-27 18:30:00+00:00,-0.21906456365104196
2024-12-27 19:30:00+00:00,-0.09412569494700315
2024-12-27 20:30:00+00:00,-0.19318331833183316
2024-12-30 14:30:00+00:00,-0.4578097809780977
2024-12-30 15:30:00+00:00,0.16974497449744977
2024-12-30 16:30:00+00:00,0.06508250825082508
2024-12-30 17:30:00+00:00,-0.10682300276976603
2024-12-30 18:30:00+00:00,0.017359840143055163
2024-12-30 19:30:00+00:00,0.03477358167906944
2024-12-30 20:30:00+00:00,-0.03507950795079508
2024-12-31 14:30:00+00:00,-0.08688868886888687
2024-12-31 15:30:00+00:00,0.10798679867986798
2024-12-31 16:30:00+00:00,-0.16331282122132076
2024-12-31 17:30:00+00:00,0.04593473127752831
2024-12-31 18:30:00+00:00,-0.6381998199819982
2024-12-31 19:30:00+00:00,-0.7262406240624061
2024-12-31 20:30:00+00:00,-0.23137113711371135
2025-01-02 14:30:00+00:00,0.14905490549054903
2025-01-02 15:30:00+00:00,-0.3846864686468647
2025-01-02 16:30:00+00:00,-0.032067206720672065
2025-01-02 17:30:00+00:00,-0.15596759675967595
2025-01-02 18:30:00+00:00,0.09461746174617461
2025-01-02 19:30:00+00:00,-0.1235883588358836
2025-01-02 20:30:00+00:00,0.17665766576657663
2025-01-03 14:30:00+00:00,-0.014725472547254722
2025-01-03 15:30:00+00:00,-0.2324272427242724
2025-01-03 16:30:00+00:00,0.15883636014580985
2025-01-03 17:30:00+00:00,0.2997677753841907
2025-01-03 18:30:00+00:00,0.14301273031186573
2025-01-03 19:30:00+00:00,0.26394239423942395
2025-01-03 20:30:00+00:00,0.22903090309030902
2025-01-06 14:30:00+00:00,-0.2846444644464446
2025-01-06 15:30:00+00:00,-0.027206720672067204
2025-01-06 16:30:00+00:00,0.02334233423342334
2025-01-06 17:30:00+00:00,-0.009312931293129312
2025-01-06 18:30:00+00:00,-0.11884788478847884
2025-01-06 19:30:00+00:00,0.19008700870087003
2025-01-06 20:30:00+00:00,-0.14705070507050702
2025-01-07 14:30:00+00:00,-0.42079807980798073
2025-01-07 15:30:00+00:00,-0.36422442244224423
2025-01-07 16:30:00+00:00,-0.5256285628562856
2025-01-07 17:30:00+00:00,-0.12918091809180918
2025-01-07 18:30:00+00:00,0.1959075907590759
2025-01-07 19:30:00+00:00,-0.3138951562801064
2025-01-07 20:30:00+00:00,-0.04478901637305896
2025-01-08 14:30:00+00:00,-0.02695469546954695
2025-01-08 15:30:00+00:00,0.031155115511551153
2025-01-08 16:30:00+00:00,-0.564068406840684
2025-01-08 17:30:00+00:00,-0.20470447044704468
2025-01-08 18:30:00+00:00,0.1056105610561056
2025-01-08 19:30:00+00:00,0.08175217521752175
2025-01-08 20:30:00+00:00,-0.05322532253225322
2025-01-10 14:30:00+00:00,0.3637203720372037
2025-01-10 15:30:00+00:00,-0.30688268826882686
2025-01-10 16:30:00+00:00,0.08627662766276625
2025-01-10 17:30:00+00:00,0.1295049504950495
2025-01-10 18:30:00+00:00,-0.205016501650165
2025-01-10 19:30:00+00:00,0.07692769276927691
2025-01-10 20:30:00+00:00,0.07996399639963996
2025-01-13 14:30:00+00:00,-0.013597359735973594
2025-01-13 15:30:00+00:00,0.08667266726672666
2025-01-13 16:30:00+00:00,-0.1266126612661266
2025-01-13 17:30:00+00:00,-0.10495049504950493
2025-01-13 18:30:00+00:00,-0.07033903390339033
2025-01-13 19:30:00+00:00,0.1098109810981098
2025-01-13 20:30:00+00:00,0.11757575757575757
2025-01-14 14:30:00+00:00,-0.1356135613561356
2025-01-14 15:30:00+00:00,-0.020378037803780377
2025-01-14 16:30:00+00:00,-0.32279627962796276
2025-01-14 17:30:00+00:00,0.35477947794779474
2025-01-14 18:30:00+00:00,-0.24361236123612362
2025-01-14 19:30:00+00:00,-0.2979537953795379
2025-01-14 20:30:00+00:00,0.10583858385838582
2025-01-15 14:30:00+00:00,-0.14405040504050404
2025-01-15 15:30:00+00:00,-0.16999699969996995
2025-01-15 16:30:00+00:00,-0.2479207920792079
2025-01-15 17:30:00+00:00,0.16401036917315745
2025-01-15 18:30:00+00:00,0.015373721857955124
2025-01-15 19:30:00+00:00,-0.13578157815781577
2025-01-15 20:30:00+00:00,-0.047152715271527146
2025-01-16 14:30:00+00:00,0.09544554455445545
2025-01-16 15:30:00+00:00,0.0008880888088808879
2025-01-16 16:30:00+00:00,0.13004500450045003
2025-01-16 17:30:00+00:00,-0.020678067806780675
2025-01-16 18:30:00+00:00,0.2215061506150615
2025-01-16 19:30:00+00:00,0.2796759675967596
2025-01-16 20:30:00+00:00,-0.4903450345034503
2025-01-17 14:30:00+00:00,0.3032583258325832
2025-01-17 15:30:00+00:00,-0.2125292529252925
2025-01-17 16:30:00+00:00,-0.17693369336933693
2025-01-17 17:30:00+00:00,-0.09888988898889887
2025-01-17 18:30:00+00:00,0.3159265404350866
2025-01-17 19:30:00+00:00,0.05720989261919724
2025-01-17 20:30:00+00:00,0.04111611161116111
2025-01-21 14:30:00+00:00,-0.16398439843984394
2025-01-21 15:30:00+00:00,-0.041380138013801374
2025-01-21 16:30:00+00:00,0.21288392704544376
2025-01-21 17:30:00+00:00,0.2621197846971779
2025-01-21 18:30:00+00:00,0.04851499704491396
2025-01-21 19:30:00+00:00,0.15546354635463547
2025-01-21 20:30:00+00:00,-0.3678967896789679
2025-01-22 14:30:00+00:00,0.14063006300630063
2025-01-22 15:30:00+00:00,0.04081608160816081
2025-01-22 16:30:00+00:00,-0.14707470747074705
2025-01-22 17:30:00+00:00,0.16228022802280226
2025-01-22 18:30:00+00:00,0.21138913891389138
2025-01-22 19:30:00+00:00,0.19437143714371435
2025-01-22 20:30:00+00:00,0.06569456945694568
2025-01-23 14:30:00+00:00,-0.0831083108310831
2025-01-23 15:30:00+00:00,-0.040192019201920184
2025-01-23 16:30:00+00:00,0.12814881488148813
2025-01-23 17:30:00+00:00,-0.0687068706870687
2025-01-23 18:30:00+00:00,0.10253825382538254
2025-01-23 19:30:00+00:00,0.319027902790279
2025-01-23 20:30:00+00:00,-0.04012001200120011
2025-01-24 14:30:00+00:00,0.10367836783678366
2025-01-24 15:30:00+00:00,0.058577857785778564
2025-01-24 16:30:00+00:00,0.27939993999399937
2025-01-24 17:30:00+00:00,0.211017101710171
2025-01-24 18:30:00+00:00,-0.1146954695469547
2025-01-24 19:30:00+00:00,0.1409005127534477
2025-01-24 20:30:00+00:00,-0.3878199454561273
2025-01-27 14:30:00+00:00,0.511083108310831
2025-01-27 15:30:00+00:00,0.10964296429642963
2025-01-27 16:30:00+00:00,0.12715271527152713
2025-01-27 17:30:00+00:00,-0.29837383738373835
2025-01-27 18:30:00+00:00,-0.10852685268526852
2025-01-27 19:30:00+00:00,-0.22046204620462045
2025-01-27 20:30:00+00:00,0.29975397539753973
2025-01-28 14:30:00+00:00,0.03890789078907891
2025-01-28 15:30:00+00:00,-0.20354035403540352
2025-01-28 16:30:00+00:00,0.08489674436505168
2025-01-28 17:30:00+00:00,0.12561693854523548
2025-01-28 18:30:00+00:00,0.2513291329132913
2025-01-28 19:30:00+00:00,-0.12507650765076506
2025-01-28 20:30:00+00:00,0.12476447644764475
2025-01-29 14:30:00+00:00,-0.208040804080408
2025-01-29 15:30:00+00:00,-0.04505250525052505
2025-01-29 16:30:00+00:00,0.06436243624362435
2025-01-29 17:30:00+00:00,-0.35907590759075897
2025-01-29 18:30:00+00:00,-0.019573957395739573
2025-01-29 19:30:00+00:00,-0.23097509750975095
2025-01-29 20:30:00+00:00,-0.09989798979897989
2025-01-30 14:30:00+00:00,0.03327932793279328
2025-01-30 15:30:00+00:00,0.023114311431143113
2025-01-30 16:30:00+00:00,0.03456345634563456
2025-01-30 17:30:00+00:00,-0.17806180618061804
2025-01-30 18:30:00+00:00,0.28674467446744667
2025-01-30 19:30:00+00:00,-0.32218421842184214
2025-01-30 20:30:00+00:00,-0.26838283828382836
2025-01-31 14:30:00+00:00,-0.12997299729972997
2025-01-31 15:30:00+00:00,-0.1765136513651365
2025-01-31 16:30:00+00:00,0.007092709270927092
2025-01-31 17:30:00+00:00,-0.05076507650765077
2025-01-31 18:30:00+00:00,-0.07589558955895588
2025-01-31 19:30:00+00:00,-0.46023402340234015
2025-01-31 20:30:00+00:00,-0.2235343534353435
2025-02-03 14:30:00+00:00,-0.18981098109810982
2025-02-03 15:30:00+00:00,0.07591959195919591
2025-02-03 16:30:00+00:00,-0.023666366636663664
2025-02-03 17:30:00+00:00,0.031299129912991296
2025-02-03 18:30:00+00:00,-0.19198319831983196
2025-02-03 19:30:00+00:00,0.012181218121812179
2025-02-03 20:30:00+00:00,-0.3352535253525353
2025-02-04 14:30:00+00:00,-0.0679147914791479
2025-02-04 15:30:00+00:00,0.08843684368436842
2025-02-04 16:30:00+00:00,-0.43469546954695465
2025-02-04 17:30:00+00:00,0.06257425742574257
2025-02-04 18:30:00+00:00,0.1332253225322532
2025-02-04 19:30:00+00:00,-0.009972997299729973
2025-02-04 20:30:00+00:00,-0.003588358835883588
2025-02-05 14:30:00+00:00,-0.10114611461146113
2025-02-05 15:30:00+00:00,0.27003900390039
2025-02-05 16:30:00+00:00,-0.39666366636663664
2025-02-05 17:30:00+00:00,-0.15816381638163815
2025-02-05 18:30:00+00:00,-0.047080708070807074
2025-02-05 19:30:00+00:00,0.1515151515151515
2025-02-05 20:30:00+00:00,0.046120612061206115
2025-02-06 14:30:00+00:00,0.3088268826882688
2025-02-06 15:30:00+00:00,0.1637803780378038
2025-02-06 16:30:00+00:00,-0.07702370237023702
2025-02-06 17:30:00+00:00,0.07137113711371136
2025-02-06 18:30:00+00:00,-0.2742394239423942
2025-02-06 19:30:00+00:00,-0.03011101110111011
2025-02-06 20:30:00+00:00,-0.3106990699069907
2025-02-07 14:30:00+00:00,0.09696969696969696
2025-02-07 15:30:00+00:00,0.11209120912091208
2025-02-07 16:30:00+00:00,-0.1108070807080708
2025-02-07 17:30:00+00:00,-0.14988298829882987
2025-02-07 18:30:00+00:00,-0.21304530453045303
2025-02-07 19:30:00+00:00,0.07240324032403239
2025-02-07 20:30:00+00:00,0.015817581758175818
2025-02-10 14:30:00+00:00,-0.06844284428442843
2025-02-10 15:30:00+00:00,-0.06867086708670866
2025-02-10 16:30:00+00:00,-0.048760876087608755
2025-02-10 17:30:00+00:00,0.16967296729672965
2025-02-10 18:30:00+00:00,0.04452445244524452
2025-02-10 19:30:00+00:00,-0.09336933693369336
2025-02-10 20:30:00+00:00,0.23386738673867385
2025-02-11 14:30:00+00:00,0.17608160816081606
2025-02-11 15:30:00+00:00,0.22315031503150312
2025-02-11 16:30:00+00:00,0.025238523852385238
2025-02-11 17:30:00+00:00,0.15144314431443143
2025-02-11 18:30:00+00:00,0.037695769576957694
2025-02-11 19:30:00+00:00,-0.022346234623462344
2025-02-11 20:30:00+00:00,-0.030843084308430843
2025-02-12 14:30:00+00:00,0.17248124812481244
2025-02-12 15:30:00+00:00,0.12814881488148813
2025-02-12 16:30:00+00:00,0.24085208520852083
2025-02-12 17:30:00+00:00,0.10495049504950493
2025-02-12 18:30:00+00:00,0.043900390039003895
2025-02-12 19:30:00+00:00,-0.07295529552955295
2025-02-12 20:30:00+00:00,0.020126012601260124
2025-02-13 14:30:00+00:00,-0.06795079507950795
2025-02-13 15:30:00+00:00,-0.0498049804980498
2025-02-13 16:30:00+00:00,0.1221122112211221
2025-02-13 17:30:00+00:00,0.06802280228022801
2025-02-13 18:30:00+00:00,0.03571557155715571
2025-02-13 19:30:00+00:00,0.14037803780378036
2025-02-13 20:30:00+00:00,0.0814161416141614
2025-02-14 14:30:00+00:00,-0.08367236723672367
2025-02-14 15:30:00+00:00,0.16834083408340836
2025-02-14 16:30:00+00:00,-0.09519351935193518
2025-02-14 17:30:00+00:00,0.2526012601260126
2025-02-14 18:30:00+00:00,0.20784878487848782
2025-02-14 19:30:00+00:00,-0.0055206183096482096
2025-02-14 20:30:00+00:00,0.08216120206054706
2025-02-18 14:30:00+00:00,-0.06237023702370237
2025-02-18 15:30:00+00:00,-0.0028562856285628564
2025-02-18 16:30:00+00:00,0.14515451545154515
2025-02-18 17:30:00+00:00,0.1007020702070207
2025-02-18 18:30:00+00:00,-0.0487008700870087
2025-02-18 19:30:00+00:00,-0.0009960996099609958
2025-02-18 20:30:00+00:00,-0.43741974197419736
2025-02-19 14:30:00+00:00,-0.06717071707170716
2025-02-19 15:30:00+00:00,-0.002976297629762976
2025-02-19 16:30:00+00:00,-0.003336343643410286
2025-02-19 17:30:00+00:00,-0.02151221575831992
2025-02-19 18:30:00+00:00,-0.020810081008100806
2025-02-19 19:30:00+00:00,-0.12211257759604194
2025-02-19 20:30:00+00:00,0.060330214012314774
2025-02-20 14:30:00+00:00,0.396099609960996
2025-02-20 15:30:00+00:00,-0.3372457245724572
2025-02-20 16:30:00+00:00,-0.18862286228622863
2025-02-20 17:30:00+00:00,-0.07608183642949463
2025-02-20 18:30:00+00:00,0.12176454174834807
2025-02-20 19:30:00+00:00,-0.4249384938493849
2025-02-20 20:30:00+00:00,0.010129012901290127
2025-02-21 14:30:00+00:00,0.29246924692469245
2025-02-21 15:30:00+00:00,0.10331833183318331
2025-02-21 16:30:00+00:00,0.2995139513951395
2025-02-21 17:30:00+00:00,0.5432223222322232
2025-02-21 18:30:00+00:00,-0.32216021602160216
2025-02-21 19:30:00+00:00,-0.03007500750075007
2025-02-21 20:30:00+00:00,0.00348034803480348
2025-02-24 14:30:00+00:00,-0.5884908490849083
2025-02-24 15:30:00+00:00,0.2218061806180618
2025-02-24 16:30:00+00:00,0.19027959879953268
2025-02-24 17:30:00+00:00,-0.25845339605998235
2025-02-24 18:30:00+00:00,0.1849270474867234
2025-02-24 19:30:00+00:00,0.2256945694569457
2025-02-24 20:30:00+00:00,0.4504530453045304
2025-02-25 14:30:00+00:00,-0.01596159615961596
2025-02-25 15:30:00+00:00,-0.05050105010501049
2025-02-25 16:30:00+00:00,0.10862286228622861
2025-02-25 17:30:00+00:00,0.23318331833183314
2025-02-25 18:30:00+00:00,-0.036387638763876386
2025-02-25 19:30:00+00:00,-0.31021902190219014
2025-02-25 20:30:00+00:00,-0.4936453645364536
2025-02-26 14:30:00+00:00,0.3433183318331833
2025-02-26 15:30:00+00:00,0.3336693669366937
2025-02-26 16:30:00+00:00,-0.4374917491749174
2025-02-26 17:30:00+00:00,0.21975397539753974
2025-02-26 18:30:00+00:00,-0.2706630663066306
2025-02-26 19:30:00+00:00,-0.1182118211821182
2025-02-26 20:30:00+00:00,-0.1325172517251725
2025-02-27 14:30:00+00:00,-0.015385538553855382
2025-02-27 15:30:00+00:00,-0.10889888988898888
2025-02-27 16:30:00+00:00,-0.09132913291329132
2025-02-27 17:30:00+00:00,0.011785178517851784
2025-02-27 18:30:00+00:00,0.6595259525952595
2025-02-27 19:30:00+00:00,0.22491449144914488
2025-02-27 20:30:00+00:00,-0.1478187818781878
2025-02-28 14:30:00+00:00,-0.4067206720672067
2025-02-28 15:30:00+00:00,-0.40498049804980496
2025-02-28 16:30:00+00:00,-0.21928592859285925
2025-02-28 17:30:00+00:00,0.23327402722585408
2025-02-28 18:30:00+00:00,-0.33968898796728936
2025-02-28 19:30:00+00:00,-0.014113411341134112
2025-02-28 20:30:00+00:00,-0.2882568256825682
2025-03-03 14:30:00+00:00,-0.2753915391539154
2025-03-03 15:30:00+00:00,0.16896489648964894
2025-03-03 16:30:00+00:00,0.0742034203420342
2025-03-03 17:30:00+00:00,-0.47849984998499845
2025-03-03 18:30:00+00:00,-0.40510051005100506
2025-03-03 19:30:00+00:00,-0.33783378337833775
2025-03-03 20:30:00+00:00,-0.3021422142214221
2025-03-04 14:30:00+00:00,-0.006516651665166516
2025-03-04 15:30:00+00:00,0.26000600060005996
2025-03-04 16:30:00+00:00,0.33153315331533145
2025-03-04 17:30:00+00:00,0.2443084308430843
2025-03-04 18:30:00+00:00,0.5156631133029909
2025-03-04 19:30:00+00:00,-0.5627619644848745
2025-03-04 20:30:00+00:00,-0.028382838283828378
2025-03-05 14:30:00+00:00,0.1349054905490549
2025-03-05 15:30:00+00:00,-0.05912991299129913
2025-03-05 16:30:00+00:00,0.06816681668166816
2025-03-05 17:30:00+00:00,0.18385838583858383
2025-03-05 18:30:00+00:00,0.09951395139513951
2025-03-05 19:30:00+00:00,-0.07108310831083108
2025-03-05 20:30:00+00:00,0.12726072607260724
2025-03-06 14:30:00+00:00,0.3912511251125112
2025-03-06 15:30:00+00:00,0.5797419741974196
2025-03-06 16:30:00+00:00,0.15229522952295227
2025-03-06 17:30:00+00:00,0.18547854785478543
2025-03-06 18:30:00+00:00,-0.0261026102610261
2025-03-06 19:30:00+00:00,0.03415541554155415
2025-03-06 20:30:00+00:00,0.05759375937593759
2025-03-07 14:30:00+00:00,0.3052265226522652
2025-03-07 15:30:00+00:00,0.256057605760576
2025-03-07 16:30:00+00:00,-0.158031803180318
2025-03-07 17:30:00+00:00,0.5889588958895888
2025-03-07 18:30:00+00:00,0.05262526252625262
2025-03-07 19:30:00+00:00,-0.2295589558955895
2025-03-07 20:30:00+00:00,-0.30799879987998796
2025-03-10 13:30:00+00:00,0.1199039903990399
2025-03-10 14:30:00+00:00,0.05669366936693669
2025-03-10 15:30:00+00:00,0.10862286228622861
2025-03-10 16:30:00+00:00,0.1861146114611461
2025-03-10 17:30:00+00:00,-0.2804200420042004
2025-03-10 18:30:00+00:00,0.23494749474947493
2025-03-10 19:30:00+00:00,-0.12498049804980496
2025-03-11 13:30:00+00:00,0.3026342634263426
2025-03-11 14:30:00+00:00,0.3344974497449745
2025-03-11 15:30:00+00:00,-0.17231323132313228
2025-03-11 16:30:00+00:00,-0.749066906690669
2025-03-11 17:30:00+00:00,-0.030447136055150707
2025-03-11 18:30:00+00:00,-0.19309988928946584
2025-03-11 19:30:00+00:00,-0.42556255625562545
2025-03-12 13:30:00+00:00,-0.3396579657965796
2025-03-12 14:30:00+00:00,-0.15974797479747974
2025-03-12 15:30:00+00:00,0.00174017401740174
2025-03-12 16:30:00+00:00,0.13278127812781276
2025-03-12 17:30:00+00:00,0.09369336933693369
2025-03-12 18:30:00+00:00,-0.16262826282628262
2025-03-12 19:30:00+00:00,0.11539153915391537
2025-03-13 13:30:00+00:00,0.28321632163216315
2025-03-13 14:30:00+00:00,0.10132613261326132
2025-03-13 15:30:00+00:00,-0.23066306630663064
2025-03-13 16:30:00+00:00,-0.4005400540054005
2025-03-13 17:30:00+00:00,-0.4892769276927692
2025-03-13 18:30:00+00:00,0.03387938793879388
2025-03-13 19:30:00+00:00,-0.11599159915991598
2025-03-14 13:30:00+00:00,0.4996459645964596
2025-03-14 14:30:00+00:00,-0.3041104110411041
2025-03-14 15:30:00+00:00,-0.19707170717071706
2025-03-14 16:30:00+00:00,-0.05503750375037503
2025-03-14 17:30:00+00:00,-0.22557455745574556
2025-03-14 18:30:00+00:00,-0.07015901590159015
2025-03-14 19:30:00+00:00,-0.0288028802880288
2025-03-17 13:30:00+00:00,-0.06421842184218421
2025-03-17 14:30:00+00:00,-0.3197599759975997
2025-03-17 15:30:00+00:00,-0.42511851185118504
2025-03-17 16:30:00+00:00,0.4306630663066306
2025-03-17 17:30:00+00:00,-0.11435943594359435
2025-03-17 18:30:00+00:00,-0.2274227422742274
2025-03-17 19:30:00+00:00,0.27216321632163215
2025-03-18 13:30:00+00:00,-0.061194119411941195
2025-03-18 14:30:00+00:00,-0.10622262226222622
2025-03-18 15:30:00+00:00,-0.14089408940894088
2025-03-18 16:30:00+00:00,0.10396639663966396
2025-03-18 17:30:00+00:00,0.09527752775277526
2025-03-18 18:30:00+00:00,-0.08826882688268826
2025-03-18 19:30:00+00:00,0.009624962496249624
2025-03-19 13:30:00+00:00,0.32367236723672366
2025-03-19 14:30:00+00:00,0.07187518751875187
2025-03-19 15:30:00+00:00,-0.11372337233723372
2025-03-19 16:30:00+00:00,-0.12750075007500747
2025-03-19 17:30:00+00:00,-0.3351695169516951
2025-03-19 18:30:00+00:00,-0.18537053705370532
2025-03-19 19:30:00+00:00,0.09006900690069006
2025-03-20 13:30:00+00:00,0.15275127512751274
2025-03-20 14:30:00+00:00,-0.5446384638463846
2025-03-20 15:30:00+00:00,0.15008700870087008
2025-03-20 16:30:00+00:00,-0.03456345634563456
2025-03-20 17:30:00+00:00,-0.34449444944494445
2025-03-20 18:30:00+00:00,-0.08762076207620761
2025-03-20 19:30:00+00:00,0.029546954695469547
2025-03-21 13:30:00+00:00,0.056339802999962545
2025-03-21 14:30:00+00:00,-0.09576986429645354
2025-03-21 15:30:00+00:00,0.07899189918991897
2025-03-21 16:30:00+00:00,-0.12098409840984098
2025-03-21 17:30:00+00:00,0.13134113411341133
2025-03-21 18:30:00+00:00,-0.3266006600660065
2025-03-21 19:30:00+00:00,-0.15006300630063005
2025-03-24 13:30:00+00:00,-0.011017101710171015
2025-03-24 14:30:00+00:00,-0.026006600660066003
2025-03-24 15:30:00+00:00,-0.12696069606960694
2025-03-24 16:30:00+00:00,0.14634263426342634
2025-03-24 17:30:00+00:00,-0.18721872187218722
2025-03-24 18:30:00+00:00,-0.15835631070071482
2025-03-24 19:30:00+00:00,-0.0393280507894083
2025-03-25 13:30:00+00:00,0.150999099909991
2025-03-25 14:30:00+00:00,-0.16199219921992197
2025-03-25 15:30:00+00:00,-0.1199039903990399
2025-03-25 16:30:00+00:00,-0.12814881488148813
2025-03-25 17:30:00+00:00,0.23948394839483947
2025-03-25 18:30:00+00:00,-0.13047704770477048
2025-03-25 19:30:00+00:00,-0.031839183918391835
2025-03-26 13:30:00+00:00,-0.2053165316531653
2025-03-26 14:30:00+00:00,-0.07839183918391837
2025-03-26 15:30:00+00:00,0.36463246324632465
2025-03-26 16:30:00+00:00,-0.22195086093967564
2025-03-26 17:30:00+00:00,-0.17669419950334403
2025-03-26 18:30:00+00:00,-0.25358535853585357
2025-03-26 19:30:00+00:00,-0.1073027302730273
2025-03-27 13:30:00+00:00,0.30585058505850576
2025-03-27 14:30:00+00:00,-0.06945094509450944
2025-03-27 15:30:00+00:00,0.07561956195619561
2025-03-27 16:30:00+00:00,-0.05726972697269726
2025-03-27 17:30:00+00:00,0.29165316531653157
2025-03-27 18:30:00+00:00,-0.3255565556555655
2025-03-27 19:30:00+00:00,0.5728532853285329
2025-03-28 13:30:00+00:00,0.1357215721572157
2025-03-28 14:30:00+00:00,0.11463546354635462
2025-03-28 15:30:00+00:00,0.18046204620462045
2025-03-28 16:30:00+00:00,-0.3620642064206421
2025-03-28 17:30:00+00:00,-0.529120912091209
2025-03-28 18:30:00+00:00,-0.19542754275427543
2025-03-28 19:30:00+00:00,-0.33117311731173116
2025-03-31 13:30:00+00:00,-0.6369276927692767
2025-03-31 14:30:00+00:00,0.5004140414041404
2025-03-31 15:30:00+00:00,0.015913782344768534
2025-03-31 16:30:00+00:00,-0.0526018914156263
2025-03-31 17:30:00+00:00,-0.3717491749174917
2025-03-31 18:30:00+00:00,-0.3256045604560456
2025-03-31 19:30:00+00:00,-0.33730573057305724
2025-04-01 13:30:00+00:00,-0.3039783978397839
2025-04-01 14:30:00+00:00,0.05585358535853585
2025-04-01 15:30:00+00:00,-0.20480048004800477
2025-04-01 16:30:00+00:00,-0.00846084608460846
2025-04-01 17:30:00+00:00,-0.44272427242724266
2025-04-01 18:30:00+00:00,0.34349834983498345
2025-04-01 19:30:00+00:00,0.13270927092709267
2025-04-02 13:30:00+00:00,0.18219021902190216
2025-04-02 14:30:00+00:00,0.33646564656465644
2025-04-02 15:30:00+00:00,0.15512751275127512
2025-04-02 16:30:00+00:00,-0.27527152715271525
2025-04-02 17:30:00+00:00,-0.6017161716171616
2025-04-02 18:30:00+00:00,0.026306630663066304
2025-04-02 19:30:00+00:00,-0.2731113111311131
2025-04-03 13:30:00+00:00,0.44646864686468646
2025-04-03 14:30:00+00:00,-0.20896489648964897
2025-04-03 15:30:00+00:00,-0.34549054905490545
2025-04-03 16:30:00+00:00,0.24420042004200418
2025-04-03 17:30:00+00:00,0.31906390639063903
2025-04-03 18:30:00+00:00,-0.15127512751275127
2025-04-03 19:30:00+00:00,0.03337533753375337
2025-04-04 13:30:00+00:00,-0.6537413741374137
2025-04-04 14:30:00+00:00,0.029894989498949892
2025-04-04 15:30:00+00:00,0.10816681668166815
2025-04-04 16:30:00+00:00,0.282028202820282
2025-04-04 17:30:00+00:00,0.3315571557155715
2025-04-04 18:30:00+00:00,-0.2734113411341134
2025-04-04 19:30:00+00:00,-0.191023102310231
2025-04-07 13:30:00+00:00,0.10984698469846983
2025-04-07 14:30:00+00:00,0.07407140714071407
2025-04-07 15:30:00+00:00,0.29516951695169513
2025-04-07 16:30:00+00:00,-0.7057665766576656
2025-04-07 17:30:00+00:00,-0.3377737773777378
2025-04-07 18:30:00+00:00,0.26519051905190516
2025-04-07 19:30:00+00:00,0.604128412841284
2025-04-08 13:30:00+00:00,-0.4862286228622862
2025-04-08 14:30:00+00:00,0.05358535853585358
2025-04-08 15:30:00+00:00,-0.04963696369636963
2025-04-08 16:30:00+00:00,-0.267998799879988
2025-04-08 17:30:00+00:00,-0.3226522652265226
2025-04-08 18:30:00+00:00,-0.35845184518451845
2025-04-08 19:30:00+00:00,0.02916291629162916
2025-04-09 13:30:00+00:00,-0.1541914191419142
2025-04-09 14:30:00+00:00,0.030255025502550253
2025-04-09 15:30:00+00:00,-0.18780678067806778
2025-04-09 16:30:00+00:00,0.8852445244524452
2025-04-09 17:30:00+00:00,-0.29737773777377735
2025-04-09 18:30:00+00:00,0.26450645064506445
2025-04-09 19:30:00+00:00,-0.24147614761476144
2025-04-10 13:30:00+00:00,0.6545934593459345
2025-04-10 14:30:00+00:00,0.24180018001800177
2025-04-10 15:30:00+00:00,-0.5579477947794779
2025-04-10 16:30:00+00:00,0.18042604260426043
2025-04-10 17:30:00+00:00,-0.29053705370537053
2025-04-10 18:30:00+00:00,-0.5933153315331533
2025-04-10 19:30:00+00:00,-0.5199759975997599
2025-04-11 13:30:00+00:00,-0.229018901890189
2025-04-11 14:30:00+00:00,-0.1423222322232223
2025-04-11 15:30:00+00:00,-0.17054905490549055
2025-04-11 16:30:00+00:00,0.18574257425742574
2025-04-11 17:30:00+00:00,0.13519351935193516
2025-04-11 18:30:00+00:00,-0.16105058821131055
2025-04-11 19:30:00+00:00,-0.001572161932686142
2025-04-14 13:30:00+00:00,-0.4276867686768676
2025-04-14 14:30:00+00:00,0.34481848184818475
2025-04-14 15:30:00+00:00,-0.14201020102010198
2025-04-14 16:30:00+00:00,-0.12175217521752175
2025-04-14 17:30:00+00:00,0.05268526852685268
2025-04-14 18:30:00+00:00,-0.046300630063006304
2025-04-14 19:30:00+00:00,-0.27368736873687366
2025-04-15 13:30:00+00:00,0.07239123912391238
2025-04-15 14:30:00+00:00,0.4662346234623462
2025-04-15 15:30:00+00:00,-0.3845664566456645
2025-04-15 16:30:00+00:00,0.05995799579957996
2025-04-15 17:30:00+00:00,0.10041404140414038
2025-04-15 18:30:00+00:00,0.018553855385538554
2025-04-15 19:30:00+00:00,-0.28975697569756975
2025-04-16 13:30:00+00:00,-0.06455445544554454
2025-04-16 14:30:00+00:00,-0.1133993399339934
2025-04-16 15:30:00+00:00,-0.20906090609060904
2025-04-16 16:30:00+00:00,-0.12896489648964896
2025-04-16 17:30:00+00:00,0.522040204020402
2025-04-16 18:30:00+00:00,-0.6564176417641764
2025-04-16 19:30:00+00:00,-0.41311731173117305
2025-04-17 13:30:00+00:00,0.1386138613861386
2025-04-17 14:30:00+00:00,-0.0035403540354035402
2025-04-17 15:30:00+00:00,-0.33604560456045607
2025-04-17 16:30:00+00:00,-0.35885496206270745
2025-04-17 17:30:00+00:00,-0.36271936009572225
2025-04-17 18:30:00+00:00,-0.19656765676567653
2025-04-17 19:30:00+00:00,-0.25550555055505547
2025-04-21 13:30:00+00:00,-0.23815181518151812
2025-04-21 14:30:00+00:00,-0.15001500150015
2025-04-21 15:30:00+00:00,0.21347734773477348
2025-04-21 16:30:00+00:00,0.06394258608665468
2025-04-21 17:30:00+00:00,-0.03306340553091848
2025-04-21 18:30:00+00:00,-0.0044164416441644155
2025-04-21 19:30:00+00:00,0.14127812781278126
2025-04-22 13:30:00+00:00,0.08493249324932492
2025-04-22 14:30:00+00:00,0.2361476147614761
2025-04-22 15:30:00+00:00,-0.7263366336633662
2025-04-22 16:30:00+00:00,-0.4594899489948994
2025-04-22 17:30:00+00:00,-0.20447644764476444
2025-04-22 18:30:00+00:00,-0.48972097209720966
2025-04-22 19:30:00+00:00,0.3487908790879088
2025-04-23 13:30:00+00:00,-0.30353435343534346
2025-04-23 14:30:00+00:00,0.10995499549954993
2025-04-23 15:30:00+00:00,-0.11030303030303029
2025-04-23 16:30:00+00:00,0.1335013501350135
2025-04-23 17:30:00+00:00,-0.07522352235223523
2025-04-23 18:30:00+00:00,0.41609360936093603
2025-04-23 19:30:00+00:00,-0.3325172517251725
2025-04-24 13:30:00+00:00,0.10006600660066005
2025-04-24 14:30:00+00:00,0.040084008400840074
2025-04-24 15:30:00+00:00,0.32580858085808573
2025-04-24 16:30:00+00:00,-0.18826282628262825
2025-04-24 17:30:00+00:00,-0.2471047104710471
2025-04-24 18:30:00+00:00,-0.3165076507650765
2025-04-24 19:30:00+00:00,0.24972097209720967
2025-04-25 13:30:00+00:00,0.12896489648964896
2025-04-25 14:30:00+00:00,0.12019201920192017
2025-04-25 15:30:00+00:00,0.15033903390339035
2025-04-25 16:30:00+00:00,-0.6622982298229824
2025-04-25 17:30:00+00:00,-0.3215241524152415
2025-04-25 18:30:00+00:00,-0.22863486348634862
2025-04-25 19:30:00+00:00,-0.12612061206120612
2025-04-28 13:30:00+00:00,-0.15486348634863484
2025-04-28 14:30:00+00:00,-0.2635343534353435
2025-04-28 15:30:00+00:00,0.3155235523552355
2025-04-28 16:30:00+00:00,0.2793759375937594
2025-04-28 17:30:00+00:00,0.23518751875187519
2025-04-28 18:30:00+00:00,-0.04067206720672066
2025-04-28 19:30:00+00:00,0.17689768976897688
2025-04-29 13:30:00+00:00,-0.18889888988898887
2025-04-29 14:30:00+00:00,-0.009792979297929792
2025-04-29 15:30:00+00:00,-0.2502497757280262
2025-04-29 16:30:00+00:00,-0.05794796864103081
2025-04-29 17:30:00+00:00,-0.3399579957995799
2025-04-29 18:30:00+00:00,0.23475547554755474
2025-04-29 19:30:00+00:00,-0.17543354335433542
2025-04-30 13:30:00+00:00,-0.1678247824782478
2025-04-30 14:30:00+00:00,0.10354666530699262
2025-04-30 15:30:00+00:00,-0.23690440115438505
2025-04-30 16:30:00+00:00,0.09371737173717372
2025-04-30 17:30:00+00:00,-0.07687968796879688
2025-04-30 18:30:00+00:00,-0.2631623162316231
2025-04-30 19:30:00+00:00,0.4075607560756075
2025-05-01 13:30:00+00:00,0.27722255392430184
2025-05-01 14:30:00+00:00,-0.04593473127752831
2025-05-01 15:30:00+00:00,0.04414041404140414
2025-05-01 16:30:00+00:00,-0.033339333933393334
2025-05-01 17:30:00+00:00,-0.15997047695984676
2025-05-01 18:30:00+00:00,-0.05006915712340904
2025-05-01 19:30:00+00:00,-0.6287308730873087
2025-05-02 13:30:00+00:00,0.021398139813981393
2025-05-02 14:30:00+00:00,-0.15979597959795977
2025-05-02 15:30:00+00:00,-0.06233423342334232
2025-05-02 16:30:00+00:00,-0.1926432643264326
2025-05-02 17:30:00+00:00,0.014113411341134112
2025-05-02 18:30:00+00:00,-0.027710771077107708
2025-05-02 19:30:00+00:00,-0.16516051605160512
2025-05-05 13:30:00+00:00,0.02151815181518152
2025-05-05 14:30:00+00:00,0.05074107410741074
2025-05-05 15:30:00+00:00,-0.06298229822982297
2025-05-05 16:30:00+00:00,-0.32116411641164117
2025-05-05 17:30:00+00:00,-0.08316831683168316
2025-05-05 18:30:00+00:00,0.20566456645664563
2025-05-05 19:30:00+00:00,0.02707470747074707
2025-05-06 13:30:00+00:00,0.01714971497149715
2025-05-06 14:30:00+00:00,-0.10871887188718872
2025-05-06 15:30:00+00:00,-0.056141614161416144
2025-05-06 16:30:00+00:00,0.08656465646564655
2025-05-06 17:30:00+00:00,0.2908250825082508
2025-05-06 18:30:00+00:00,-0.0955055505550555
2025-05-06 19:30:00+00:00,-0.09924992499249924
2025-05-07 13:30:00+00:00,-0.1926312631263126
2025-05-07 14:30:00+00:00,-0.020246024602460243
2025-05-07 15:30:00+00:00,0.04498049804980497
2025-05-07 16:30:00+00:00,-0.2519411941194119
2025-05-07 17:30:00+00:00,-0.18954695469546953
2025-05-07 18:30:00+00:00,0.1365256525652565
2025-05-07 19:30:00+00:00,0.22669066906690669
2025-05-08 13:30:00+00:00,0.3939273927392739
2025-05-08 14:30:00+00:00,0.06971497149714971
2025-05-08 15:30:00+00:00,-0.053213321332133204
2025-05-08 16:30:00+00:00,-0.07852385238523851
2025-05-08 17:30:00+00:00,-0.13281728172817278
2025-05-08 18:30:00+00:00,-0.29358535853585355
2025-05-08 19:30:00+00:00,-0.1069066906690669
2025-05-09 13:30:00+00:00,-0.1402100210021002
2025-05-09 14:30:00+00:00,0.05101710171017101
2025-05-09 15:30:00+00:00,-0.15824782478247823
2025-05-09 16:30:00+00:00,0.006804680468046803
2025-05-09 17:30:00+00:00,0.05302130213021301
2025-05-09 18:30:00+00:00,0.1524992499249925
2025-05-09 19:30:00+00:00,0.14924692469246922
2025-05-12 13:30:00+00:00,0.042064332626449825
2025-05-12 14:30:00+00:00,0.1972103126630918
2025-05-12 15:30:00+00:00,0.30785478547854783
2025-05-12 16:30:00+00:00,-0.3074947494749474
2025-05-12 17:30:00+00:00,0.19863845976224948
2025-05-12 18:30:00+00:00,-0.21373857994535111
2025-05-12 19:30:00+00:00,0.2757788872552309
2025-05-13 13:30:00+00:00,0.48937293729372927
2025-05-13 14:30:00+00:00,0.44860486048604853
2025-05-13 15:30:00+00:00,-0.017065706570657063
2025-05-13 16:30:00+00:00,-0.07582358235823582
2025-05-13 17:30:00+00:00,0.024338433843384338
2025-05-13 18:30:00+00:00,0.0183018301830183
2025-05-13 19:30:00+00:00,0.2802040204020402
2025-05-14 13:30:00+00:00,0.08134413441344132
2025-05-14 14:30:00+00:00,0.18253825382538252
2025-05-14 15:30:00+00:00,-0.0738913891389139
2025-05-14 16:30:00+00:00,0.00010801080108010799
2025-05-14 17:30:00+00:00,0.1442904290429043
2025-05-14 18:30:00+00:00,0.06634263426342633
2025-05-14 19:30:00+00:00,-0.3250045004500449
2025-05-15 13:30:00+00:00,-0.30024602460246025
2025-05-15 14:30:00+00:00,0.24336033603360335
2025-05-15 15:30:00+00:00,0.25158115811581155
2025-05-15 16:30:00+00:00,-0.25648964896489646
2025-05-15 17:30:00+00:00,0.559027902790279
2025-05-15 18:30:00+00:00,-0.42739873987398735
2025-05-15 19:30:00+00:00,0.11623162316231622
2025-05-16 13:30:00+00:00,-0.09980198019801981
2025-05-16 14:30:00+00:00,-0.013225322532253224
2025-05-16 15:30:00+00:00,0.11258325832583256
2025-05-16 16:30:00+00:00,-0.11000300030002999
2025-05-16 17:30:00+00:00,-0.002952295229522952
2025-05-16 18:30:00+00:00,0.06789078907890789
2025-05-16 19:30:00+00:00,-0.04746474647464746
2025-05-19 13:30:00+00:00,0.06660666066606659
2025-05-19 14:30:00+00:00,-0.3463906390639063
2025-05-19 15:30:00+00:00,0.04619261926192619
2025-05-19 16:30:00+00:00,-0.01969396939693969
2025-05-19 17:30:00+00:00,-0.1103150315031503
2025-05-19 18:30:00+00:00,0.02643864386438644
2025-05-19 19:30:00+00:00,0.029882988298829877
2025-05-20 13:30:00+00:00,-0.2634383438343834
2025-05-20 14:30:00+00:00,0.18015001500150013
2025-05-20 15:30:00+00:00,-0.11787720225514067
2025-05-20 16:30:00+00:00,0.1925255628769056
2025-05-20 17:30:00+00:00,-0.35845184518451845
2025-05-20 18:30:00+00:00,0.1267206720672067
2025-05-20 19:30:00+00:00,0.05743774377437743
2025-05-21 13:30:00+00:00,0.2919171917191719
2025-05-21 14:30:00+00:00,-0.07003900390039004
2025-05-21 15:30:00+00:00,-0.28097209720972094
2025-05-21 16:30:00+00:00,-0.48448844884488446
2025-05-21 17:30:00+00:00,-0.27759975997599756
2025-05-21 18:30:00+00:00,-0.4728352835283528
2025-05-21 19:30:00+00:00,0.25867386738673864
2025-05-22 13:30:00+00:00,0.12057605760576057
2025-05-22 14:30:00+00:00,-0.42137413741374136
2025-05-22 15:30:00+00:00,-0.1546234623462346
2025-05-22 16:30:00+00:00,0.2545694569456945
2025-05-22 17:30:00+00:00,0.19404740474047402
2025-05-22 18:30:00+00:00,0.05962196219621962
2025-05-22 19:30:00+00:00,0.34833483348334826
2025-05-23 13:30:00+00:00,-0.14690669066906686
2025-05-23 14:30:00+00:00,0.033339333933393334
2025-05-23 15:30:00+00:00,0.07462346234623461
2025-05-23 16:30:00+00:00,-0.20231623162316228
2025-05-23 17:30:00+00:00,-0.20597659765976598
2025-05-23 18:30:00+00:00,0.10675067506750674
2025-05-23 19:30:00+00:00,-0.2909450945094509
2025-05-27 13:30:00+00:00,-0.17617761776177615
2025-05-27 14:30:00+00:00,-0.06781878187818781
2025-05-27 15:30:00+00:00,0.13435343534353436
2025-05-27 16:30:00+00:00,-0.19186318631863186
2025-05-27 17:30:00+00:00,0.08998499849984996
2025-05-27 18:30:00+00:00,-0.31284728472847284
2025-05-27 19:30:00+00:00,0.07073507350735073
2025-05-28 13:30:00+00:00,-0.0775997599759976
2025-05-28 14:30:00+00:00,0.12127212721272125
2025-05-28 15:30:00+00:00,0.04192019201920191
2025-05-28 16:30:00+00:00,0.10185418541854185
2025-05-28 17:30:00+00:00,-0.3946594659465946
2025-05-28 18:30:00+00:00,0.10936693669366936
2025-05-28 19:30:00+00:00,0.08903690369036904
2025-05-29 13:30:00+00:00,-0.4712391239123912
2025-05-29 14:30:00+00:00,0.05522368804011666
2025-05-29 15:30:00+00:00,0.1656050573216494
2025-05-29 16:30:00+00:00,0.2573777377737773
2025-05-29 17:30:00+00:00,-0.17364536453645363
2025-05-29 18:30:00+00:00,0.1436303630363036
2025-05-29 19:30:00+00:00,-0.3391299129912991
2025-05-30 13:30:00+00:00,0.22904290429042903
2025-05-30 14:30:00+00:00,0.20910891089108913
2025-05-30 15:30:00+00:00,0.2697509750975097
2025-05-30 16:30:00+00:00,-0.37038103810381034
2025-05-30 17:30:00+00:00,0.3204080408040804
2025-05-30 18:30:00+00:00,0.17944194419441942
2025-05-30 19:30:00+00:00,-0.10141014101410141
2025-06-02 13:30:00+00:00,-0.22737746629259778
2025-06-02 14:30:00+00:00,0.024158705776786624
2025-06-02 15:30:00+00:00,0.11000300030002999
2025-06-02 16:30:00+00:00,0.29995799579957994
2025-06-02 17:30:00+00:00,-0.18838283828382837
2025-06-02 18:30:00+00:00,-0.016417641764176417
2025-06-02 19:30:00+00:00,-0.26472247224722467
2025-06-03 13:30:00+00:00,0.37196519651965193
2025-06-03 14:30:00+00:00,-0.2529372937293729
2025-06-03 15:30:00+00:00,0.022286228622862284
2025-06-03 16:30:00+00:00,0.1623162316231623
2025-06-03 17:30:00+00:00,-0.2523492349234923
2025-06-03 18:30:00+00:00,0.0683108310831083
2025-06-03 19:30:00+00:00,-0.1514311431143114
2025-06-04 13:30:00+00:00,-0.2711311131113111
2025-06-04 14:30:00+00:00,0.12846123150742336
2025-06-04 15:30:00+00:00,-0.19299787878238314
2025-06-04 16:30:00+00:00,0.045388538853885385
2025-06-04 17:30:00+00:00,-0.009012901290129011
2025-06-04 18:30:00+00:00,-0.001572157215721572
2025-06-04 19:30:00+00:00,0.3604440444044404
2025-06-05 13:30:00+00:00,0.024338433843384338
2025-06-05 14:30:00+00:00,-0.12057605760576057
2025-06-05 15:30:00+00:00,0.2189258925892589
2025-06-05 16:30:00+00:00,0.2705430543054305
2025-06-05 17:30:00+00:00,0.12183618361836182
2025-06-05 18:30:00+00:00,-0.27206720672067203
2025-06-05 19:30:00+00:00,0.05826582658265826
2025-06-06 13:30:00+00:00,0.2486408640864086
2025-06-06 14:30:00+00:00,0.020930093009300925
2025-06-06 15:30:00+00:00,0.012193219321932191
2025-06-06 16:30:00+00:00,0.21088508850885088
2025-06-06 17:30:00+00:00,-0.21998199819981992
2025-06-06 18:30:00+00:00,0.15433728578712166
2025-06-06 19:30:00+00:00,-0.1952978733758811
2025-06-09 13:30:00+00:00,-0.42489048904890486
2025-06-09 14:30:00+00:00,0.2423282328232823
2025-06-09 15:30:00+00:00,0.10282628262826281
2025-06-09 16:30:00+00:00,0.06547854785478546
2025-06-09 17:30:00+00:00,0.03978397839783978
2025-06-09 18:30:00+00:00,0.3031143114311431
2025-06-09 19:30:00+00:00,-0.09929792979297927
2025-06-10 13:30:00+00:00,0.49075307530753065
2025-06-10 14:30:00+00:00,-0.28829282928292826
2025-06-10 15:30:00+00:00,-0.16288028802880286
2025-06-10 16:30:00+00:00,-0.15677167716771673
2025-06-10 17:30:00+00:00,0.27115511551155114
2025-06-10 18:30:00+00:00,-0.08895289528952895
2025-06-10 19:30:00+00:00,0.13424542454245425
2025-06-11 13:30:00+00:00,-0.05611761176117611
2025-06-11 14:30:00+00:00,0.30670267026702663
2025-06-11 15:30:00+00:00,-0.15479147914791477
2025-06-11 16:30:00+00:00,-0.1469426942694269
2025-06-11 17:30:00+00:00,0.04298829882988299
2025-06-11 18:30:00+00:00,0.1647764776477648
2025-06-11 19:30:00+00:00,0.14454245424542453
2025-06-12 13:30:00+00:00,0.214029402940294
2025-06-12 14:30:00+00:00,-0.000252025202520252
2025-06-12 15:30:00+00:00,-0.17923792379237924
2025-06-12 16:30:00+00:00,0.2518211821182118
2025-06-12 17:30:00+00:00,-0.10780678067806779
2025-06-12 18:30:00+00:00,0.14575457545754572
2025-06-12 19:30:00+00:00,0.2002400240024002
2025-06-13 13:30:00+00:00,-0.697077707770777
2025-06-13 14:30:00+00:00,0.28231623162316233
2025-06-13 15:30:00+00:00,-0.03645975535496564
2025-06-13 16:30:00+00:00,0.4020174077948121
2025-06-13 17:30:00+00:00,0.19427542754275426
2025-06-13 18:30:00+00:00,-0.006444644464446443
2025-06-13 19:30:00+00:00,0.0994179417941794
2025-06-16 13:30:00+00:00,0.3599159915991599
2025-06-16 14:30:00+00:00,0.11737173717371735
2025-06-16 15:30:00+00:00,-0.07338733873387339
2025-06-16 16:30:00+00:00,0.17906990699069905
2025-06-16 17:30:00+00:00,0.07578757875787578
2025-06-16 18:30:00+00:00,-0.0591059105910591
2025-06-16 19:30:00+00:00,-0.1577917791779178
2025-06-17 13:30:00+00:00,-0.015529552955295525
2025-06-17 14:30:00+00:00,0.08435643564356435
2025-06-17 15:30:00+00:00,0.16896489648964894
2025-06-17 16:30:00+00:00,0.34543054305430543
2025-06-17 17:30:00+00:00,0.11511551155115511
2025-06-17 18:30:00+00:00,-0.10636095517886208
2025-06-17 19:30:00+00:00,0.1822507718303187
2025-06-18 13:30:00+00:00,-0.12058805880588058
2025-06-18 14:30:00+00:00,-0.22775877587758772
2025-06-18 15:30:00+00:00,0.03179117911791179
2025-06-18 16:30:00+00:00,-0.4181218121812181
2025-06-18 17:30:00+00:00,-0.11076540883760874
2025-06-18 18:30:00+00:00,-0.12711109244309368
2025-06-18 19:30:00+00:00,-0.10007800780078006
2025-06-20 13:30:00+00:00,0.06252625262526251
2025-06-20 14:30:00+00:00,-0.5079147914791479
2025-06-20 15:30:00+00:00,-0.25920192019201915
2025-06-20 16:30:00+00:00,-0.23165916591659166
2025-06-20 17:30:00+00:00,-0.19963996399639958
2025-06-20 18:30:00+00:00,0.23743174317431742
2025-06-20 19:30:00+00:00,0.0754035403540354
2025-06-23 13:30:00+00:00,0.2523372337233723
2025-06-23 14:30:00+00:00,0.25921392139213917
2025-06-23 15:30:00+00:00,-0.511071107110711
2025-06-23 16:30:00+00:00,0.1117071707170717
2025-06-23 17:30:00+00:00,0.15867986798679867
2025-06-23 18:30:00+00:00,0.192019201920192
2025-06-23 19:30:00+00:00,0.24346834683468346
2025-06-24 13:30:00+00:00,0.21183318331833179
2025-06-24 14:30:00+00:00,0.08474047404740473
2025-06-24 15:30:00+00:00,-0.020090009000900088
2025-06-24 16:30:00+00:00,-0.048760876087608755
2025-06-24 17:30:00+00:00,-0.05334533453345334
2025-06-24 18:30:00+00:00,-0.025070507050705067
2025-06-24 19:30:00+00:00,-0.041512151215121515
2025-06-25 13:30:00+00:00,0.06023402340234023
2025-06-25 14:30:00+00:00,0.16168016801680163
2025-06-25 15:30:00+00:00,0.06364236423642362
2025-06-25 16:30:00+00:00,-0.08123612361236122
2025-06-25 17:30:00+00:00,-0.05418541854185418
2025-06-25 18:30:00+00:00,-0.24158415841584155
2025-06-25 19:30:00+00:00,0.20340834083408338
2025-06-26 13:30:00+00:00,-0.17228922892289225
2025-06-26 14:30:00+00:00,-0.3021542154215421
2025-06-26 15:30:00+00:00,0.11847584758475846
2025-06-26 16:30:00+00:00,0.19471947194719472
2025-06-26 17:30:00+00:00,-0.23607560756075605
2025-06-26 18:30:00+00:00,-0.15848060254965698
2025-06-26 19:30:00+00:00,-0.15229379826231523
2025-06-27 13:30:00+00:00,0.27427542754275425
2025-06-27 14:30:00+00:00,0.15727572757275726
2025-06-27 15:30:00+00:00,-0.026894689468946888
2025-06-27 16:30:00+00:00,-0.050129012901290126
2025-06-27 17:30:00+00:00,-0.19193519351935193
2025-06-27 18:30:00+00:00,0.36145214521452135
2025-06-27 19:30:00+00:00,-0.29689768976897685
2025-06-30 13:30:00+00:00,0.06682268226822682
2025-06-30 14:30:00+00:00,0.04616861686168616
2025-06-30 15:30:00+00:00,-0.1473867386738674
2025-06-30 16:30:00+00:00,0.02261026102610261
2025-06-30 17:30:00+00:00,0.07432343234323432
2025-06-30 18:30:00+00:00,0.11912391239123911
2025-06-30 19:30:00+00:00,0.02257425742574257
2025-07-01 13:30:00+00:00,0.6643144314431443
2025-07-01 14:30:00+00:00,0.15386738673867387
2025-07-01 15:30:00+00:00,-0.33834983498349835
2025-07-01 16:30:00+00:00,-0.06273027302730272
2025-07-01 17:30:00+00:00,-0.019609960996099605
2025-07-01 18:30:00+00:00,-0.02173417341734173
2025-07-01 19:30:00+00:00,0.0027122712271227117
2025-07-02 13:30:00+00:00,0.2491329132913291
2025-07-02 14:30:00+00:00,-0.24627662766276623
2025-07-02 15:30:00+00:00,-0.2140060426233533
2025-07-02 16:30:00+00:00,0.14376280756982668
2025-07-02 17:30:00+00:00,-0.2713831383138313
2025-07-02 18:30:00+00:00,0.21657365736573655
2025-07-02 19:30:00+00:00,-0.06717071707170716
2025-07-03 13:30:00+00:00,-0.2809600960096009
2025-07-03 14:30:00+00:00,0.11169516951695169
2025-07-03 15:30:00+00:00,-0.011305130513051305
2025-07-07 13:30:00+00:00,0.3034743474347434
2025-07-07 14:30:00+00:00,0.03894389438943893
2025-07-07 15:30:00+00:00,0.06844284428442843
2025-07-07 16:30:00+00:00,0.05581758175817582
2025-07-07 17:30:00+00:00,-0.16928892889288927
2025-07-07 18:30:00+00:00,-0.025118511851185115
2025-07-07 19:30:00+00:00,-0.25030903090309026
2025-07-08 13:30:00+00:00,0.2978226757369412
2025-07-08 14:30:00+00:00,0.02528668038812114
2025-07-08 15:30:00+00:00,0.0803422752547128
2025-07-08 16:30:00+00:00,-0.3834503450345034
2025-07-08 17:30:00+00:00,-0.03599159915991599
2025-07-08 18:30:00+00:00,-0.17904590459045905
2025-07-08 19:30:00+00:00,-0.027386738673867383
2025-07-09 13:30:00+00:00,0.0730993099309931
2025-07-09 14:30:00+00:00,0.03511551155115511
2025-07-09 15:30:00+00:00,-0.11287128712871286
2025-07-09 16:30:00+00:00,-0.20122412241224122
2025-07-09 17:30:00+00:00,0.3193759375937593
2025-07-09 18:30:00+00:00,0.09509750975097507
2025-07-09 19:30:00+00:00,-0.06013801380138013
2025-07-10 13:30:00+00:00,-0.07026702670267025
2025-07-10 14:30:00+00:00,0.03061506150615061
2025-07-10 15:30:00+00:00,-0.10107410741074105
2025-07-10 16:30:00+00:00,-0.08398439843984397
2025-07-10 17:30:00+00:00,0.1131113111311131
2025-07-10 18:30:00+00:00,0.150999099909991
2025-07-10 19:30:00+00:00,0.04883288328832883
2025-07-11 13:30:00+00:00,0.25250525052505246
2025-07-11 14:30:00+00:00,0.12637263726372636
2025-07-11 15:30:00+00:00,0.22223822382238223
2025-07-11 16:30:00+00:00,0.1939879807628916
2025-07-11 17:30:00+00:00,-0.11850020552170203
2025-07-11 18:30:00+00:00,-0.018841884188418843
2025-07-11 19:30:00+00:00,0.11836783678367833
2025-07-14 13:30:00+00:00,-0.01933393339333933
2025-07-14 14:30:00+00:00,0.23063906390639058
2025-07-14 15:30:00+00:00,-0.234011401140114
2025-07-14 16:30:00+00:00,-0.007644764476447644
2025-07-14 17:30:00+00:00,-0.1697209720972097
2025-07-14 18:30:00+00:00,0.1143234323432343
2025-07-14 19:30:00+00:00,-0.08033603360336032
2025-07-15 13:30:00+00:00,0.04343234323432343
2025-07-15 14:30:00+00:00,-0.16486048604860487
2025-07-15 15:30:00+00:00,0.025202520252025202
2025-07-15 16:30:00+00:00,-0.20014401440144014
2025-07-15 17:30:00+00:00,-0.5655685568556855
2025-07-15 18:30:00+00:00,-0.014065406540654064
2025-07-15 19:30:00+00:00,-0.03199519951995199
2025-07-16 13:30:00+00:00,0.032271227122712264
2025-07-16 14:30:00+00:00,-0.06076207620762076
2025-07-16 15:30:00+00:00,0.027002700270027
2025-07-16 16:30:00+00:00,0.1869186918691869
2025-07-16 17:30:00+00:00,-0.01952595259525952
2025-07-16 18:30:00+00:00,0.2967296729672967
2025-07-16 19:30:00+00:00,0.04628862886288628
2025-07-17 13:30:00+00:00,0.06847884788478846
2025-07-17 14:30:00+00:00,0.02053405340534053
2025-07-17 15:30:00+00:00,-0.15828382838283825
2025-07-17 16:30:00+00:00,0.12608460846084607
2025-07-17 17:30:00+00:00,-0.20277227722772273
2025-07-17 18:30:00+00:00,0.17717371737173715
2025-07-17 19:30:00+00:00,-0.009264926492649263
2025-07-18 13:30:00+00:00,-0.1691089108910891
2025-07-18 14:30:00+00:00,0.33291280148423
2025-07-18 15:30:00+00:00,-0.002189239332096475
2025-07-18 16:30:00+00:00,-0.04571428571428571
2025-07-18 17:30:00+00:00,-0.2181338133813381
2025-07-18 18:30:00+00:00,-0.11183351885294514
2025-07-18 19:30:00+00:00,0.17801433547735532
2025-07-21 13:30:00+00:00,-0.15357935793579358
2025-07-21 14:30:00+00:00,0.09999399939993998
2025-07-21 15:30:00+00:00,-0.03840384038403839
2025-07-21 16:30:00+00:00,0.03963996399639964
2025-07-21 17:30:00+00:00,-0.02285028502850285
2025-07-21 18:30:00+00:00,0.3267096510955331
2025-07-21 19:30:00+00:00,0.07851208674528809
2025-07-22 13:30:00+00:00,-0.315043504350435
2025-07-22 14:30:00+00:00,-0.016417641764176417
2025-07-22 15:30:00+00:00,0.06459045904590459
2025-07-22 16:30:00+00:00,0.15367536753675365
2025-07-22 17:30:00+00:00,0.1131113111311131
2025-07-22 18:30:00+00:00,0.09436543654365437
2025-07-22 19:30:00+00:00,-0.19847584758475845
2025-07-23 13:30:00+00:00,0.14546654665466544
2025-07-23 14:30:00+00:00,-0.1973117311731173
2025-07-23 15:30:00+00:00,0.07723972397239721
2025-07-23 16:30:00+00:00,-0.1787338733873387
2025-07-23 17:30:00+00:00,0.4022322232223222
2025-07-23 18:30:00+00:00,0.1273207320732073
2025-07-23 19:30:00+00:00,-0.01753375337533753
2025-07-24 13:30:00+00:00,0.12135613561356134
2025-07-24 14:30:00+00:00,0.12054005400540053
2025-07-24 15:30:00+00:00,-0.21834983498349833
2025-07-24 16:30:00+00:00,0.08607260726072608
2025-07-24 17:30:00+00:00,-0.020306030603060306
2025-07-24 18:30:00+00:00,-0.001536153615361536
2025-07-24 19:30:00+00:00,-0.20108010801080103
2025-07-25 13:30:00+00:00,-0.11755175517551754
2025-07-25 14:30:00+00:00,0.013453345334533452
2025-07-25 15:30:00+00:00,-0.21416141614161413
2025-07-25 16:30:00+00:00,0.16657665766576654
2025-07-25 17:30:00+00:00,-0.07926792679267926
2025-07-25 18:30:00+00:00,-0.03667566756675668
2025-07-25 19:30:00+00:00,0.07673567356735674
2025-07-28 13:30:00+00:00,-0.047116711671167114
2025-07-28 14:30:00+00:00,0.1499069906990699
2025-07-28 15:30:00+00:00,0.1761416141614161
2025-07-28 16:30:00+00:00,0.10211821182118211
2025-07-28 17:30:00+00:00,-0.017569756975697567
2025-07-28 18:30:00+00:00,0.25515751575157514
2025-07-28 19:30:00+00:00,-0.17878187818781877
2025-07-29 13:30:00+00:00,-0.0033843384338433837
2025-07-29 14:30:00+00:00,-0.3047344734473447
2025-07-29 15:30:00+00:00,0.18840740596366218
2025-07-29 16:30:00+00:00,-0.0715153660830284
2025-07-29 17:30:00+00:00,-0.012349234923492346
2025-07-29 18:30:00+00:00,0.34837083708370836
2025-07-29 19:30:00+00:00,-0.24739273927392733
2025-07-30 13:30:00+00:00,-0.10545454545454544
2025-07-30 14:30:00+00:00,-0.18954695469546953
2025-07-30 15:30:00+00:00,-0.07057905790579058
2025-07-30 16:30:00+00:00,0.25998199819982
2025-07-30 17:30:00+00:00,-0.03813981398139813
2025-07-30 18:30:00+00:00,-0.02285028502850285
2025-07-30 19:30:00+00:00,0.019609960996099605
2025-07-31 13:30:00+00:00,0.3133273327332733
2025-07-31 14:30:00+00:00,-0.17336933693369336
2025-07-31 15:30:00+00:00,-0.26411041104110405
2025-07-31 16:30:00+00:00,-0.11564495224297859
2025-07-31 17:30:00+00:00,0.011293264846476012
2025-07-31 18:30:00+00:00,0.26971578072662866
2025-07-31 19:30:00+00:00,-0.08343859417557559
2025-08-01 13:30:00+00:00,0.44562856285628555
2025-08-01 14:30:00+00:00,-0.19960396039603961
2025-08-01 15:30:00+00:00,-0.5305850585058506
2025-08-01 16:30:00+00:00,-0.1580382779433394
2025-08-01 17:30:00+00:00,0.14437487061232282
2025-08-01 18:30:00+00:00,0.024062406240624057
2025-08-01 19:30:00+00:00,0.055769576957695764
2025-08-04 13:30:00+00:00,-0.22528652865286528
2025-08-04 14:30:00+00:00,-0.268994899489949
2025-08-04 15:30:00+00:00,-0.11422742274227421
2025-08-04 16:30:00+00:00,0.11197119711971196
2025-08-04 17:30:00+00:00,-0.08907290729072907
2025-08-04 18:30:00+00:00,-0.1383862537847626
2025-08-04 19:30:00+00:00,0.06189037470887354
2025-08-05 13:30:00+00:00,0.1549354935493549
2025-08-05 14:30:00+00:00,-0.31489948994899486
2025-08-05 15:30:00+00:00,-0.07835583558355835
2025-08-05 16:30:00+00:00,-0.12235223522352234
2025-08-05 17:30:00+00:00,0.0986258625862586
2025-08-05 18:30:00+00:00,0.08664866486648665
2025-08-05 19:30:00+00:00,-0.13666966696669666
2025-08-06 13:30:00+00:00,0.28384038403840384
2025-08-06 14:30:00+00:00,0.10886288628862885
2025-08-06 15:30:00+00:00,0.17044308963831276
2025-08-06 16:30:00+00:00,0.23825068409377445
2025-08-06 17:30:00+00:00,-0.0111011101110111
2025-08-06 18:30:00+00:00,0.13316531653165317
2025-08-06 19:30:00+00:00,0.1541914191419142
2025-08-07 13:30:00+00:00,0.2162376237623762
2025-08-07 14:30:00+00:00,0.3684848484848484
2025-08-07 15:30:00+00:00,-0.07011101110111011
2025-08-07 16:30:00+00:00,0.09102910291029101
2025-08-07 17:30:00+00:00,-0.2839312449195045
2025-08-07 18:30:00+00:00,0.21983264276319395
2025-08-07 19:30:00+00:00,0.20859285928592858
2025-08-08 13:30:00+00:00,0.20164416441644162
2025-08-08 14:30:00+00:00,0.02226222622262226
2025-08-08 15:30:00+00:00,0.09987398739873984
2025-08-08 16:30:00+00:00,-0.16391239123912388
2025-08-08 17:30:00+00:00,-0.044428442844284426
2025-08-08 18:30:00+00:00,0.09170117011701169
2025-08-08 19:30:00+00:00,0.25318931893189317
2025-08-11 13:30:00+00:00,-0.028982898289828977
2025-08-11 14:30:00+00:00,0.03403540354035403
2025-08-11 15:30:00+00:00,-0.0044164416441644155
2025-08-11 16:30:00+00:00,-0.12528052805280526
2025-08-11 17:30:00+00:00,0.0546054605460546
2025-08-11 18:30:00+00:00,0.1803425752860661
2025-08-11 19:30:00+00:00,-0.16246073345627715
2025-08-12 13:30:00+00:00,-0.010513051305130512
2025-08-12 14:30:00+00:00,-0.003948394839483948
2025-08-12 15:30:00+00:00,-0.01822982298229823
2025-08-12 16:30:00+00:00,0.1498109810981098
2025-08-12 17:30:00+00:00,-0.029198919891989195
2025-08-12 18:30:00+00:00,-0.12153615361536153
2025-08-12 19:30:00+00:00,0.16706870687068706
2025-08-13 13:30:00+00:00,0.42892289228922886
2025-08-13 14:30:00+00:00,0.2292109210921092
2025-08-13 15:30:00+00:00,-0.16444044404440442
2025-08-13 16:30:00+00:00,-0.22625862586258624
2025-08-13 17:30:00+00:00,-0.014953495349534952
2025-08-13 18:30:00+00:00,0.1377137713771377
2025-08-13 19:30:00+00:00,-0.0781158115811581
2025-08-14 13:30:00+00:00,-0.10467446744674466
2025-08-14 14:30:00+00:00,0.11847584758475846
2025-08-14 15:30:00+00:00,-0.1296129612961296
2025-08-14 16:30:00+00:00,-0.2882808280828082
2025-08-14 17:30:00+00:00,0.17274527452745272
2025-08-14 18:30:00+00:00,0.018985898589858986
2025-08-14 19:30:00+00:00,-0.2249504950495049
2025-08-15 13:30:00+00:00,0.138025802580258
2025-08-15 14:30:00+00:00,0.2658265826582658
2025-08-15 15:30:00+00:00,0.002976297629762976
2025-08-15 16:30:00+00:00,0.07785178517851783
2025-08-15 17:30:00+00:00,-0.07294329432943293
2025-08-15 18:30:00+00:00,0.022958295829582958
2025-08-15 19:30:00+00:00,-0.03324332433243324
2025-08-18 13:30:00+00:00,-0.23784263839262654
2025-08-18 14:30:00+00:00,-0.04531707551572095
2025-08-18 15:30:00+00:00,-0.17724572457245721
2025-08-18 16:30:00+00:00,-0.11152715271527153
2025-08-18 17:30:00+00:00,0.165028502850285
2025-08-18 18:30:00+00:00,-0.11938793879387938
2025-08-18 19:30:00+00:00,-0.17234923492349233
2025-08-19 13:30:00+00:00,-0.27368736873687366
2025-08-19 14:30:00+00:00,-0.10736273627362734
2025-08-19 15:30:00+00:00,0.2124212421242124
2025-08-19 16:30:00+00:00,-0.3321212121212121
2025-08-19 17:30:00+00:00,-0.2828322832283228
2025-08-19 18:30:00+00:00,-0.0628142814281428
2025-08-19 19:30:00+00:00,0.007020702070207019
2025-08-20 13:30:00+00:00,-0.5957155715571556
2025-08-20 14:30:00+00:00,0.16429642964296426
2025-08-20 15:30:00+00:00,-0.15805580558055804
2025-08-20 16:30:00+00:00,-0.06976297629762976
2025-08-20 17:30:00+00:00,-0.1801980198019802
2025-08-20 18:30:00+00:00,0.3376417641764176
2025-08-20 19:30:00+00:00,0.15773177317731774
2025-08-21 13:30:00+00:00,-0.3187518751875187
2025-08-21 14:30:00+00:00,0.2595859585958596
2025-08-21 15:30:00+00:00,0.22397839783978393
2025-08-21 16:30:00+00:00,-0.122004200420042
2025-08-21 17:30:00+00:00,0.2983018301830183
2025-08-21 18:30:00+00:00,0.09818181818181818
2025-08-21 19:30:00+00:00,0.062310231023102305
2025-08-22 13:30:00+00:00,0.29472547254725473
2025-08-22 14:30:00+00:00,0.09518151815181516
2025-08-22 15:30:00+00:00,-0.11830783078307829
2025-08-22 16:30:00+00:00,0.2433963396339634
2025-08-22 17:30:00+00:00,-0.104998499849985
2025-08-22 18:30:00+00:00,0.06624082280504703
2025-08-22 19:30:00+00:00,-0.3018430898396119
2025-08-25 13:30:00+00:00,0.08216021602160216
2025-08-25 14:30:00+00:00,0.05336933693369337
2025-08-25 15:30:00+00:00,-0.09915391539153916
2025-08-25 16:30:00+00:00,-0.2207140714071407
2025-08-25 17:30:00+00:00,-0.3059345934593459
2025-08-25 18:30:00+00:00,0.10149414941494149
2025-08-25 19:30:00+00:00,-0.31354335433543346
2025-08-26 13:30:00+00:00,-0.10315031503150315
2025-08-26 14:30:00+00:00,0.10124212421242122
2025-08-26 15:30:00+00:00,-0.08481248124812481
2025-08-26 16:30:00+00:00,0.08876087608760874
2025-08-26 17:30:00+00:00,0.09449744974497448
2025-08-26 18:30:00+00:00,0.07512751275127512
2025-08-26 19:30:00+00:00,0.08952895289528952
2025-08-27 13:30:00+00:00,-0.1571197119711971
2025-08-27 14:30:00+00:00,-0.048232823282328224
2025-08-27 15:30:00+00:00,-0.2966852195423624
2025-08-27 16:30:00+00:00,0.07257884972170686
2025-08-27 17:30:00+00:00,-0.20379715522572664
2025-08-27 18:30:00+00:00,-0.36685268526852677
2025-08-27 19:30:00+00:00,-0.12422442244224421
2025-08-28 13:30:00+00:00,-0.0625022502250225
2025-08-28 14:30:00+00:00,0.08369737411192743
2025-08-28 15:30:00+00:00,-0.22442513563135114
2025-08-28 16:30:00+00:00,-0.054281428142814274
2025-08-28 17:30:00+00:00,-0.21694569456945692
2025-08-28 18:30:00+00:00,-0.09102910291029101
2025-08-28 19:30:00+00:00,-0.06109810981098109
2025-08-29 13:30:00+00:00,0.02186618661866186
2025-08-29 14:30:00+00:00,0.0837203720372037
2025-08-29 15:30:00+00:00,0.12594059405940594
2025-08-29 16:30:00+00:00,0.05707770777077707
2025-08-29 17:30:00+00:00,0.055193519351935186
2025-08-29 18:30:00+00:00,0.0441044104410441
2025-08-29 19:30:00+00:00,-0.15960396039603958
2025-09-02 13:30:00+00:00,0.07403540354035403
2025-09-02 14:30:00+00:00,-0.19363936393639364
2025-09-02 15:30:00+00:00,-0.19005100510051004
2025-09-02 16:30:00+00:00,-0.016285628562856282
2025-09-02 17:30:00+00:00,-0.008304830483048304
2025-09-02 18:30:00+00:00,0.28606060606060607
2025-09-02 19:30:00+00:00,-0.012541254125412541
2025-09-03 13:30:00+00:00,-0.010789078907890787
2025-09-03 14:30:00+00:00,-0.010393039303930391
2025-09-03 15:30:00+00:00,0.17664566456645664
2025-09-03 16:30:00+00:00,-0.18649864986498646
2025-09-03 17:30:00+00:00,0.1495349534953495
2025-09-03 18:30:00+00:00,0.15407140714071405
2025-09-03 19:30:00+00:00,0.13896189618961896
2025-09-04 13:30:00+00:00,-0.18561056105610557
2025-09-04 14:30:00+00:00,0.003228322832283228
2025-09-04 15:30:00+00:00,-0.11252325232523251
2025-09-04 16:30:00+00:00,0.3017101710171017
2025-09-04 17:30:00+00:00,0.043480348034803475
2025-09-04 18:30:00+00:00,0.07561956195619561
2025-09-04 19:30:00+00:00,-0.050165016501650166
2025-09-05 13:30:00+00:00,0.028322832283228322
2025-09-05 14:30:00+00:00,0.11603960396039602
2025-09-05 15:30:00+00:00,0.08298829882988298
2025-09-05 16:30:00+00:00,-0.03494749474947494
2025-09-05 17:30:00+00:00,0.11830783078307829
2025-09-05 18:30:00+00:00,-0.02743474347434743
2025-09-05 19:30:00+00:00,-0.23625562556255622
2025-09-08 13:30:00+00:00,-0.33726972697269725
2025-09-08 14:30:00+00:00,-0.20252025202520252
2025-09-08 15:30:00+00:00,-0.28315631563156307
2025-09-08 16:30:00+00:00,-0.12867686768676867
2025-09-08 17:30:00+00:00,0.20117611761176113
2025-09-08 18:30:00+00:00,0.2096489648964896
2025-09-08 19:30:00+00:00,-0.3015421542154215
2025-09-09 13:30:00+00:00,0.003744374437443744
2025-09-09 14:30:00+00:00,-0.25902190219021903
2025-09-09 15:30:00+00:00,0.06413441344134413
2025-09-09 16:30:00+00:00,-0.13306930693069308
2025-09-09 17:30:00+00:00,-0.07145514551455144
2025-09-09 18:30:00+00:00,0.028347174885628417
2025-09-09 19:30:00+00:00,0.1937376986361979
2025-09-10 13:30:00+00:00,0.14753075307530752
2025-09-10 14:30:00+00:00,-0.3588718871887189
2025-09-10 15:30:00+00:00,-0.00474047404740474
2025-09-10 16:30:00+00:00,0.1577917791779178
2025-09-10 17:30:00+00:00,-0.09546954695469546
2025-09-10 18:30:00+00:00,0.06189018901890188
2025-09-10 19:30:00+00:00,0.08651665166516652
2025-09-11 13:30:00+00:00,0.06939093909390939
2025-09-11 14:30:00+00:00,-0.27613561356135613
2025-09-11 15:30:00+00:00,-0.04588058805880588
2025-09-11 16:30:00+00:00,0.19626762676267623
2025-09-11 17:30:00+00:00,0.047416741674167415
2025-09-11 18:30:00+00:00,-0.035931593159315926
2025-09-11 19:30:00+00:00,0.061686168616861686
2025-09-12 13:30:00+00:00,0.07389161083624868
2025-09-12 14:30:00+00:00,-0.022715407833230325
2025-09-12 15:30:00+00:00,0.11447979141903136
2025-09-12 16:30:00+00:00,-0.06427842784278427
2025-09-12 17:30:00+00:00,0.1375097509750975
2025-09-12 18:30:00+00:00,0.08624062406240622
2025-09-12 19:30:00+00:00,0.11354335433543353
2025-09-15 13:30:00+00:00,-0.1596999699969997
2025-09-15 14:30:00+00:00,-0.038229937683753476
2025-09-15 15:30:00+00:00,-0.03293739255158105
2025-09-15 16:30:00+00:00,0.10711071107110709
2025-09-15 17:30:00+00:00,0.02022202220222022
2025-09-15 18:30:00+00:00,0.24327632763276325
2025-09-15 19:30:00+00:00,-0.037143714371437146
2025-09-16 13:30:00+00:00,0.04062406240624062
2025-09-16 14:30:00+00:00,-0.012085208520852084
2025-09-16 15:30:00+00:00,0.053009300930093005
2025-09-16 16:30:00+00:00,0.02694269426942694
2025-09-16 17:30:00+00:00,0.020798079807980794
2025-09-16 18:30:00+00:00,-0.12108010801080106
2025-09-16 19:30:00+00:00,0.020126012601260124
2025-09-17 13:30:00+00:00,0.0604980498049805
2025-09-17 14:30:00+00:00,-0.30533453345334527
2025-09-17 15:30:00+00:00,-0.13461746174617462
2025-09-17 16:30:00+00:00,-0.019646023540513084
2025-09-17 17:30:00+00:00,-0.469662375226762
2025-09-17 18:30:00+00:00,-0.36259225922592253
2025-09-17 19:30:00+00:00,-0.301098109810981
2025-09-18 13:30:00+00:00,-0.2537893789378938
2025-09-18 14:30:00+00:00,-0.14394239423942393
2025-09-18 15:30:00+00:00,0.13225322532253223
2025-09-18 16:30:00+00:00,0.22077407740774074
2025-09-18 17:30:00+00:00,0.04382838283828382
2025-09-18 18:30:00+00:00,0.11030303030303029
2025-09-18 19:30:00+00:00,-0.045748574857485735
2025-09-19 13:30:00+00:00,-0.06695469546954694
2025-09-19 14:30:00+00:00,-0.06875487548754874
2025-09-19 15:30:00+00:00,0.18577857785778576
2025-09-19 16:30:00+00:00,-0.0630244915229105
2025-09-19 17:30:00+00:00,-0.34133315731673974
2025-09-19 18:30:00+00:00,-0.07293129312931292
2025-09-19 19:30:00+00:00,-0.03571557155715571
2025-09-22 13:30:00+00:00,0.0757995799579958
2025-09-22 14:30:00+00:00,0.25777377737773777
2025-09-22 15:30:00+00:00,0.17094509450945095
2025-09-22 16:30:00+00:00,0.07696369636963696
2025-09-22 17:30:00+00:00,0.001968196819681968
2025-09-22 18:30:00+00:00,-0.00246024602460246
2025-09-22 19:30:00+00:00,-0.002496249624962496
2025-09-23 13:30:00+00:00,-0.26081008100810077
2025-09-23 14:30:00+00:00,0.09732402437494861
2025-09-23 15:30:00+00:00,0.19565615258459673
2025-09-23 16:30:00+00:00,0.5424902490249024
2025-09-23 17:30:00+00:00,-0.09014101410141014
2025-09-23 18:30:00+00:00,-0.062310231023102305
2025-09-23 19:30:00+00:00,-0.14556255625562556
2025-09-24 13:30:00+00:00,0.022538253825382538
2025-09-24 14:30:00+00:00,-0.04774077407740774
2025-09-24 15:30:00+00:00,-0.021410141014101408
2025-09-24 16:30:00+00:00,-0.0763036303630363
2025-09-24 17:30:00+00:00,-0.06423042304230422
2025-09-24 18:30:00+00:00,-0.07215121512151215
2025-09-24 19:30:00+00:00,0.08955295529552955
2025-09-25 13:30:00+00:00,0.08586858685868587
2025-09-25 14:30:00+00:00,0.19674767476747673
2025-09-25 15:30:00+00:00,-0.09708970897089708
2025-09-25 16:30:00+00:00,0.1811221122112211
2025-09-25 17:30:00+00:00,0.048124812481248114
2025-09-25 18:30:00+00:00,-0.136009600960096
2025-09-25 19:30:00+00:00,0.07809180918091808
2025-09-26 13:30:00+00:00,-0.07974797479747973
2025-09-26 14:30:00+00:00,0.1617401740174017
2025-09-26 15:30:00+00:00,-0.0323072307230723
2025-09-26 16:30:00+00:00,-0.12544854485448542
2025-09-26 17:30:00+00:00,0.032259225922592255
2025-09-26 18:30:00+00:00,-0.000852085208520852
2025-09-26 19:30:00+00:00,0.04631263126312631
2025-09-29 13:30:00+00:00,-0.32644464446444643
2025-09-29 14:30:00+00:00,-0.12865286528652864
2025-09-29 15:30:00+00:00,-0.05468946894689468
2025-09-29 16:30:00+00:00,0.023690369036903688
2025-09-29 17:30:00+00:00,0.09059705970597058
2025-09-29 18:30:00+00:00,-0.002148214821482148
2025-09-29 19:30:00+00:00,-0.05256525652565257
2025-09-30 13:30:00+00:00,-0.20080408040804076
2025-09-30 14:30:00+00:00,-0.15266726672667263
2025-09-30 15:30:00+00:00,0.17443744374437445
2025-09-30 16:30:00+00:00,0.05876987698769877
2025-09-30 17:30:00+00:00,0.01774977497749775
2025-09-30 18:30:00+00:00,0.1498229822982298
2025-09-30 19:30:00+00:00,0.13554155415541552
2025-10-01 13:30:00+00:00,0.41743774377437737
2025-10-01 14:30:00+00:00,0.0968256825682568
2025-10-01 15:30:00+00:00,0.28640864086408635
2025-10-01 16:30:00+00:00,0.12728472847284725
2025-10-01 17:30:00+00:00,0.20032403240324032
2025-10-01 18:30:00+00:00,0.12198019801980196
2025-10-01 19:30:00+00:00,0.25258925892589257
2025-10-02 13:30:00+00:00,-0.031155115511551153
2025-10-02 14:30:00+00:00,-0.1321092109210921
2025-10-02 15:30:00+00:00,-0.006276627662766275
2025-10-02 16:30:00+00:00,0.06265826582658265
2025-10-02 17:30:00+00:00,-0.01698169816981698
2025-10-02 18:30:00+00:00,-0.26477047704770473
2025-10-02 19:30:00+00:00,0.17094509450945095
2025-10-03 13:30:00+00:00,-0.45402940294029404
2025-10-03 14:30:00+00:00,-0.38763876387638757
2025-10-03 15:30:00+00:00,0.18358290904045735
2025-10-03 16:30:00+00:00,0.022952364093604936
2025-10-03 17:30:00+00:00,-0.0828082808280828
2025-10-03 18:30:00+00:00,-0.09386138613861385
2025-10-03 19:30:00+00:00,-0.2757755775577558
2025-10-06 13:30:00+00:00,0.08529252925292528
2025-10-06 14:30:00+00:00,-0.11567956795679567
2025-10-06 15:30:00+00:00,-0.0342994299429943
2025-10-06 16:30:00+00:00,0.26000600060005996
2025-10-06 17:30:00+00:00,-0.13683768376837682
2025-10-06 18:30:00+00:00,0.31827182718271824
2025-10-06 19:30:00+00:00,0.04735673567356735
2025-10-07 13:30:00+00:00,-0.13216921692169215
2025-10-07 14:30:00+00:00,0.25629762976297626
2025-10-07 15:30:00+00:00,-0.3977689702057213
2025-10-07 16:30:00+00:00,-0.17224774151815153
2025-10-07 17:30:00+00:00,0.16297629762976293
2025-10-07 18:30:00+00:00,0.10294629462946293
2025-10-07 19:30:00+00:00,-0.15625562556255623
2025-10-08 13:30:00+00:00,0.0925052505250525
2025-10-08 14:30:00+00:00,0.13829148865668764
2025-10-08 15:30:00+00:00,0.054402093038337686
2025-10-08 16:30:00+00:00,0.1926432643264326
2025-10-08 17:30:00+00:00,0.11629162916291627
2025-10-08 18:30:00+00:00,0.25516951695169515
2025-10-08 19:30:00+00:00,-0.29569756975697564
2025-10-09 13:30:00+00:00,0.25165316531653165
2025-10-09 14:30:00+00:00,-0.08408040804080406
2025-10-09 15:30:00+00:00,-0.1652325232523252
2025-10-09 16:30:00+00:00,-0.18245424542454242
2025-10-09 17:30:00+00:00,0.3031983198319832
2025-10-09 18:30:00+00:00,-0.029714971497149714
2025-10-09 19:30:00+00:00,-0.08297629762976297
2025-10-10 13:30:00+00:00,-0.15153915391539152
2025-10-10 14:30:00+00:00,-0.05237323732373236
2025-10-10 15:30:00+00:00,-0.18070207020702067
2025-10-10 16:30:00+00:00,-0.09647764776477646
2025-10-10 17:30:00+00:00,0.23957995799579956
2025-10-10 18:30:00+00:00,0.3911191119111911
2025-10-10 19:30:00+00:00,-0.5515391539153915
2025-10-13 13:30:00+00:00,-0.11344734473447343
2025-10-13 14:30:00+00:00,-0.13113711371137113
2025-10-13 15:30:00+00:00,-0.07372337233723371
2025-10-13 16:30:00+00:00,0.13809780978097808
2025-10-13 17:30:00+00:00,-0.11516351635163516
2025-10-13 18:30:00+00:00,-0.25954995499549954
2025-10-13 19:30:00+00:00,-0.010705070507050704
2025-10-14 13:30:00+00:00,0.11229522952295229
2025-10-14 14:30:00+00:00,0.050945094509450936
2025-10-14 15:30:00+00:00,-0.06893489348934893
2025-10-14 16:30:00+00:00,0.07018322887288975
2025-10-14 17:30:00+00:00,-0.010405071722434236
2025-10-14 18:30:00+00:00,0.07607560756075607
2025-10-14 19:30:00+00:00,-0.45208520852085204
2025-10-15 13:30:00+00:00,-0.006924692469246924
2025-10-15 14:30:00+00:00,-0.004224422442244224
2025-10-15 15:30:00+00:00,0.04726072607260725
2025-10-15 16:30:00+00:00,-0.2927332733273327
2025-10-15 17:30:00+00:00,0.17058505850585057
2025-10-15 18:30:00+00:00,-0.00696069606960696
2025-10-15 19:30:00+00:00,-0.19192319231923188
2025-10-16 13:30:00+00:00,-0.09014101410141014
2025-10-16 14:30:00+00:00,0.14094209420942094
2025-10-16 15:30:00+00:00,-0.21263726372637265
2025-10-16 16:30:00+00:00,-0.2528892889288929
2025-10-16 17:30:00+00:00,0.02537053705370537
2025-10-16 18:30:00+00:00,-0.10699069906990698
2025-10-16 19:30:00+00:00,-0.21507350735073505
2025-10-17 13:30:00+00:00,0.2933573357335733
2025-10-17 14:30:00+00:00,-0.4834443444344434
2025-10-17 15:30:00+00:00,-0.2075127512751275
2025-10-17 16:30:00+00:00,-0.31949594959495947
2025-10-17 17:30:00+00:00,-0.07768376837683767
2025-10-17 18:30:00+00:00,-0.17336933693369336
2025-10-17 19:30:00+00:00,-0.28640864086408635
2025-10-20 13:30:00+00:00,0.10666666666666666
2025-10-20 14:30:00+00:00,-0.10271827182718272
2025-10-20 15:30:00+00:00,-0.3022382238223822
2025-10-20 16:30:00+00:00,-0.061938193819381926
2025-10-20 17:30:00+00:00,-0.22043804380438042
2025-10-20 18:30:00+00:00,0.028586858685868584
2025-10-20 19:30:00+00:00,-0.22004200420042
2025-10-21 13:30:00+00:00,0.030447044704470447
2025-10-21 14:30:00+00:00,-0.08265226522652264
2025-10-21 15:30:00+00:00,-0.08811281128112809
2025-10-21 16:30:00+00:00,-0.08403240324032403
2025-10-21 17:30:00+00:00,-0.019261926192619263
2025-10-21 18:30:00+00:00,0.043804511864919224
2025-10-21 19:30:00+00:00,0.037653878349639465
2025-10-22 13:30:00+00:00,0.3306570657065706
2025-10-22 14:30:00+00:00,-0.23497149714971496
2025-10-22 15:30:00+00:00,-0.21927392739273927
2025-10-22 16:30:00+00:00,-0.030255025502550253
2025-10-22 17:30:00+00:00,0.1436183618361836
2025-10-22 18:30:00+00:00,0.19636363636363635
2025-10-22 19:30:00+00:00,0.15319531953195317
2025-10-23 13:30:00+00:00,0.25888988898889886
2025-10-23 14:30:00+00:00,0.11456345634563456
2025-10-23 15:30:00+00:00,-0.1855385538553855
2025-10-23 16:30:00+00:00,0.053321332133213314
2025-10-23 17:30:00+00:00,0.07203120312031201
2025-10-23 18:30:00+00:00,0.003792379237923792
2025-10-23 19:30:00+00:00,-0.0372997299729973
2025-10-24 13:30:00+00:00,0.3155475547554755
2025-10-24 14:30:00+00:00,-0.059141914191419134
2025-10-24 15:30:00+00:00,-0.18975754502799186
2025-10-24 16:30:00+00:00,-0.07144935928432784
2025-10-24 17:30:00+00:00,-0.1728358020883929
2025-10-24 18:30:00+00:00,-0.06417060957307481
2025-10-24 19:30:00+00:00,-0.36069606960696066
2025-10-27 13:30:00+00:00,-0.09347734773477347
2025-10-27 14:30:00+00:00,0.04614461446144614
2025-10-27 15:30:00+00:00,0.13267326732673265
2025-10-27 16:30:00+00:00,-0.008664866486648664
2025-10-27 17:30:00+00:00,-0.30312722210524107
2025-10-27 18:30:00+00:00,0.09932823080822026
2025-10-27 19:30:00+00:00,-0.015121512151215119
2025-10-28 13:30:00+00:00,-0.11896789678967895
2025-10-28 14:30:00+00:00,-0.018985898589858986
2025-10-28 15:30:00+00:00,-0.01954995499549955
2025-10-28 16:30:00+00:00,0.02789078907890789
2025-10-28 17:30:00+00:00,0.045580558055805576
2025-10-28 18:30:00+00:00,0.09798979897989799
2025-10-28 19:30:00+00:00,0.058721872187218714
2025-10-29 13:30:00+00:00,0.13072907290729072
2025-10-29 14:30:00+00:00,-0.1963942286064303
2025-10-29 15:30:00+00:00,-0.06867107312084049
2025-10-29 16:30:00+00:00,0.08279627962796278
2025-10-29 17:30:00+00:00,0.14967896789678967
2025-10-29 18:30:00+00:00,-0.0067686768676867674
2025-10-29 19:30:00+00:00,-0.02305430543054305
2025-10-30 13:30:00+00:00,-0.0012721272127212719
2025-10-30 14:30:00+00:00,0.22829882988298825
2025-10-30 15:30:00+00:00,-0.11467146714671467
2025-10-30 16:30:00+00:00,0.07285928592859284
2025-10-30 17:30:00+00:00,0.0022562256225622562
2025-10-30 18:30:00+00:00,0.035775577557755775
2025-10-30 19:30:00+00:00,-0.2181218121812181
2025-10-31 13:30:00+00:00,-0.12128412841284125
2025-10-31 14:30:00+00:00,-0.028382838283828378
2025-10-31 15:30:00+00:00,-0.10843084308430842
2025-10-31 16:30:00+00:00,-0.25894989498949894
2025-10-31 17:30:00+00:00,-0.07551155115511551
2025-10-31 18:30:00+00:00,-0.13216921692169215
2025-10-31 19:30:00+00:00,-0.15416741674167417
2025-11-03 14:30:00+00:00,-0.2572457245724572
2025-11-03 15:30:00+00:00,-0.05326132613261326
2025-11-03 16:30:00+00:00,-0.05530153015301529
2025-11-03 17:30:00+00:00,-0.1188118811881188
2025-11-03 18:30:00+00:00,-0.001164116411641164
2025-11-03 19:30:00+00:00,7.2007200720072e-05
2025-11-03 20:30:00+00:00,-0.030951095109510943
2025-11-04 14:30:00+00:00,0.21507350735073505
2025-11-04 15:30:00+00:00,0.07224722472247223
2025-11-04 16:30:00+00:00,0.05734173417341734
2025-11-04 17:30:00+00:00,-0.10774677467746774
2025-11-04 18:30:00+00:00,0.06875487548754874
2025-11-04 19:30:00+00:00,0.0637925706350625
2025-11-04 20:30:00+00:00,-0.2701718276994689
2025-11-05 14:30:00+00:00,0.09431743174317431
2025-11-05 15:30:00+00:00,-0.03193519351935194
2025-11-05 16:30:00+00:00,0.005604560456045605
2025-11-05 17:30:00+00:00,0.16510051005100507
2025-11-05 18:30:00+00:00,-0.021110111011101104
2025-11-05 19:30:00+00:00,-0.08450045004500449
2025-11-05 20:30:00+00:00,0.03961596159615961
2025-11-06 14:30:00+00:00,0.31803180318031804
2025-11-06 15:30:00+00:00,0.033831383138313825
2025-11-06 16:30:00+00:00,-0.40774077407740766
2025-11-06 17:30:00+00:00,0.4804680468046804
2025-11-06 18:30:00+00:00,-0.42795079507950795
2025-11-06 19:30:00+00:00,0.29869786978697865
2025-11-06 20:30:00+00:00,0.29434143414341435
2025-11-07 14:30:00+00:00,0.4444884488448844
2025-11-07 15:30:00+00:00,-0.4993219321932192
2025-11-07 16:30:00+00:00,0.6071887188718871
2025-11-07 17:30:00+00:00,-0.07344734473447344
2025-11-07 18:30:00+00:00,-0.29362136213621365
2025-11-07 19:30:00+00:00,0.29816981698169814
2025-11-07 20:30:00+00:00,0.35179117911791175
2025-11-10 14:30:00+00:00,-0.5995559555955594
2025-11-10 15:30:00+00:00,-0.29180918091809177
2025-11-10 16:30:00+00:00,-0.020378037803780377
2025-11-10 17:30:00+00:00,0.03281128112811281
2025-11-10 18:30:00+00:00,-0.11698769876987698
2025-11-10 19:30:00+00:00,0.21166516651665163
2025-11-10 20:30:00+00:00,0.15601560156015598
2025-11-11 14:30:00+00:00,-0.06354635463546354
2025-11-11 15:30:00+00:00,0.1368256825682568
2025-11-11 16:30:00+00:00,-0.028070807080708072
2025-11-11 17:30:00+00:00,0.023690369036903688
2025-11-11 18:30:00+00:00,0.34211821182118207
2025-11-11 19:30:00+00:00,0.08039603960396038
2025-11-11 20:30:00+00:00,-0.048256825682568255
2025-11-12 14:30:00+00:00,0.018157815781578157
2025-11-12 15:30:00+00:00,0.11207920792079207
2025-11-12 16:30:00+00:00,-0.024518451845184516
2025-11-12 17:30:00+00:00,-0.12042004200420041
2025-11-12 18:30:00+00:00,-0.1384218421842184
2025-11-12 19:30:00+00:00,-0.07474347434743474
2025-11-12 20:30:00+00:00,-0.07531953195319531
2025-11-13 14:30:00+00:00,0.5071827182718271
2025-11-13 15:30:00+00:00,0.04928892889288929
2025-11-13 16:30:00+00:00,0.06493849384938492
2025-11-13 17:30:00+00:00,-0.4438883888388838
2025-11-13 18:30:00+00:00,0.06121812181218122
2025-11-13 19:30:00+00:00,-0.09011728208045984
2025-11-13 20:30:00+00:00,0.024632537151437456
2025-11-14 14:30:00+00:00,0.06475847584758475
2025-11-14 15:30:00+00:00,0.03457545754575457
2025-11-14 16:30:00+00:00,-0.035775577557755775
2025-11-14 17:30:00+00:00,0.2834443444344434
2025-11-14 18:30:00+00:00,0.07203120312031201
2025-11-14 19:30:00+00:00,0.25489348934893485
2025-11-14 20:30:00+00:00,-0.1357935793579358
2025-11-17 14:30:00+00:00,-0.005544554455445544
2025-11-17 15:30:00+00:00,-0.044632463246324625
2025-11-17 16:30:00+00:00,0.1206000600060006
2025-11-17 17:30:00+00:00,0.611077107710771
2025-11-17 18:30:00+00:00,0.23854785478547852
2025-11-17 19:30:00+00:00,-0.09082508250825082
2025-11-17 20:30:00+00:00,-0.45726972697269724
2025-11-18 14:30:00+00:00,-0.4878367836783678
2025-11-18 15:30:00+00:00,-0.44158415841584153
2025-11-18 16:30:00+00:00,-0.28937293729372937
2025-11-18 17:30:00+00:00,-0.13382578405636006
2025-11-18 18:30:00+00:00,0.04095421828466763
2025-11-18 19:30:00+00:00,0.10507050705070506
2025-11-18 20:30:00+00:00,-0.3524392439243924
2025-11-19 14:30:00+00:00,-0.35769576957695765
2025-11-19 15:30:00+00:00,0.37090909090909085
2025-11-19 16:30:00+00:00,0.3035463546354635
2025-11-19 17:30:00+00:00,-0.18477047704770477
2025-11-19 18:30:00+00:00,0.4496609660966096
2025-11-19 19:30:00+00:00,-0.07621962196219621
2025-11-19 20:30:00+00:00,-0.16415241524152413
2025-11-20 14:30:00+00:00,-0.5695169516951696
2025-11-20 15:30:00+00:00,0.7504350435043503
2025-11-20 16:30:00+00:00,-0.4108970897089709
2025-11-20 17:30:00+00:00,-0.32938493849384937
2025-11-20 18:30:00+00:00,0.4666666666666666
2025-11-20 19:30:00+00:00,0.44153615361536147
2025-11-20 20:30:00+00:00,0.452001200120012
2025-11-21 14:30:00+00:00,-0.36626462646264624
2025-11-21 15:30:00+00:00,0.38390639063906384
2025-11-21 16:30:00+00:00,-0.5173957395739573
2025-11-21 17:30:00+00:00,-0.42192619261926184
2025-11-21 18:30:00+00:00,-0.4272907290729072
2025-11-21 19:30:00+00:00,-0.1255085508550855
2025-11-21 20:30:00+00:00,-0.31003900390039
2025-11-24 14:30:00+00:00,0.3592319231923192
2025-11-24 15:30:00+00:00,0.14324632463246326
2025-11-24 16:30:00+00:00,-0.1727212721272127
2025-11-24 17:30:00+00:00,-0.006024602460246023
2025-11-24 18:30:00+00:00,0.11002700270027001
2025-11-24 19:30:00+00:00,0.09094509450945093
2025-11-24 20:30:00+00:00,-0.1987278727872787
2025-11-25 14:30:00+00:00,-0.38292229222922286
2025-11-25 15:30:00+00:00,0.212013201320132
2025-11-25 16:30:00+00:00,0.27167116711671163
2025-11-25 17:30:00+00:00,0.04682868286828682
2025-11-25 18:30:00+00:00,-0.2703270327032703
2025-11-25 19:30:00+00:00,-0.0919051905190519
2025-11-25 20:30:00+00:00,-0.21947794779477944
2025-11-26 14:30:00+00:00,0.3278007800780077
2025-11-26 15:30:00+00:00,-0.4274947494749474
2025-11-26 16:30:00+00:00,-0.011089108910891089
2025-11-26 17:30:00+00:00,0.12132013201320131
2025-11-26 18:30:00+00:00,0.315527339084698
2025-11-26 19:30:00+00:00,-0.4082737266867879
2025-11-26 20:30:00+00:00,-0.3596519651965196
2025-11-28 14:30:00+00:00,0.42558655865586553
2025-11-28 15:30:00+00:00,-0.13717371737173714
2025-11-28 16:30:00+00:00,
2025-12-01 15:30:00+00:00,0.30205820582058207
2025-12-01 16:30:00+00:00,-0.2718511851185118
2025-12-01 17:30:00+00:00,0.11927992799279927
2025-12-01 18:30:00+00:00,-0.04831683168316832
2025-12-01 19:30:00+00:00,0.2493129312931293
2025-12-01 20:30:00+00:00,0.2449324932493249
2025-12-02 14:30:00+00:00,-0.25867386738673864
2025-12-02 15:30:00+00:00,-0.35233123312331227
2025-12-02 16:30:00+00:00,0.012877287728772875
2025-12-02 17:30:00+00:00,-0.11627962796279627
2025-12-02 18:30:00+00:00,0.21774442767703064
2025-12-02 19:30:00+00:00,0.025382614409398402
2025-12-02 20:30:00+00:00,-0.11345934593459345
2025-12-03 14:30:00+00:00,-0.07685568556855685
2025-12-03 15:30:00+00:00,0.1926432643264326
2025-12-03 16:30:00+00:00,0.2059165916591659
2025-12-03 17:30:00+00:00,0.23845184518451842
2025-12-03 18:30:00+00:00,-0.0318991899189919
2025-12-03 19:30:00+00:00,0.05287728772877288
2025-12-03 20:30:00+00:00,0.15618361836183617
2025-12-04 14:30:00+00:00,0.2219141914191419
2025-12-04 15:30:00+00:00,0.024422442244224418
2025-12-04 16:30:00+00:00,-0.12318031803180317
2025-12-04 17:30:00+00:00,-0.10696669666966695
2025-12-04 18:30:00+00:00,0.08295229522952295
2025-12-04 19:30:00+00:00,-0.15495949594959496
2025-12-04 20:30:00+00:00,0.1074107410741074
2025-12-05 14:30:00+00:00,-0.21428142814281426
2025-12-05 15:30:00+00:00,-0.206024602460246
2025-12-05 16:30:00+00:00,0.02969096909690969
2025-12-05 17:30:00+00:00,-0.2473327332733273
2025-12-05 18:30:00+00:00,-0.14683468346834683
2025-12-05 19:30:00+00:00,0.16112811281128112
2025-12-05 20:30:00+00:00,0.02634263426342634
2025-12-08 14:30:00+00:00,0.054197419741974194
2025-12-08 15:30:00+00:00,-0.050753075307530746
2025-12-08 16:30:00+00:00,-0.0381038103810381
2025-12-08 17:30:00+00:00,0.07092709270927092
2025-12-08 18:30:00+00:00,0.18603060306030603
2025-12-08 19:30:00+00:00,0.00564056405640564
2025-12-08 20:30:00+00:00,0.03621962196219622
2025-12-09 14:30:00+00:00,0.17275727572757274
2025-12-09 15:30:00+00:00,0.03908790879087909
2025-12-09 16:30:00+00:00,0.1266246624662466
2025-12-09 17:30:00+00:00,0.003348344879537661
2025-12-09 18:30:00+00:00,0.11444978832871293
2025-12-09 19:30:00+00:00,0.06138613861386138
2025-12-09 20:30:00+00:00,-0.1842424242424242
2025-12-10 14:30:00+00:00,0.04436843684368436
2025-12-10 15:30:00+00:00,0.09089708970897088
2025-12-10 16:30:00+00:00,0.132025202520252
2025-12-10 17:30:00+00:00,0.2597059705970597
2025-12-10 18:30:00+00:00,0.48573657365736567
2025-12-10 19:30:00+00:00,-0.15138313831383138
2025-12-10 20:30:00+00:00,-0.07906390639063905
2025-12-11 14:30:00+00:00,0.4270987098709871
2025-12-11 15:30:00+00:00,-0.19204320432043204
2025-12-11 16:30:00+00:00,0.4341674167416741
2025-12-11 17:30:00+00:00,0.4043444344434443
2025-12-11 18:30:00+00:00,-0.07192319231923192
2025-12-11 19:30:00+00:00,-0.12712871287128713
2025-12-11 20:30:00+00:00,-0.16290429042904286
2025-12-12 14:30:00+00:00,0.3971917191719171
2025-12-12 15:30:00+00:00,-0.4412361236123612
2025-12-12 16:30:00+00:00,0.3032463246324632
2025-12-12 17:30:00+00:00,-0.44463246324632455
2025-12-12 18:30:00+00:00,0.30055805580558054
2025-12-12 19:30:00+00:00,-0.0612061206120612
2025-12-12 20:30:00+00:00,0.25653242284070704
2025-12-15 14:30:00+00:00,-0.19017158767438627
2025-12-15 15:30:00+00:00,-0.19086708670867086
2025-12-15 16:30:00+00:00,0.17240924092409238
2025-12-15 17:30:00+00:00,0.0477047704770477
2025-12-15 18:30:00+00:00,-0.045784578457845775
2025-12-15 19:30:00+00:00,0.22027002700270024
2025-12-15 20:30:00+00:00,-0.13917791779177915
2025-12-16 14:30:00+00:00,-0.028010801080108005
2025-12-16 15:30:00+00:00,0.07662766276627662
2025-12-16 16:30:00+00:00,-0.1723252325232523
2025-12-16 17:30:00+00:00,0.04988898889888989
2025-12-16 18:30:00+00:00,-0.03123921763955746
2025-12-16 19:30:00+00:00,-0.011287162577796307
2025-12-16 20:30:00+00:00,-0.16598859885988598
2025-12-17 14:30:00+00:00,0.04525652565256525
2025-12-17 15:30:00+00:00,-0.025814581458145816
2025-12-17 16:30:00+00:00,0.12268826882688266
2025-12-17 17:30:00+00:00,0.10957095709570956
2025-12-17 18:30:00+00:00,0.1405837453896068
2025-12-17 19:30:00+00:00,-0.1549853583712978
2025-12-17 20:30:00+00:00,-0.09234923492349234
2025-12-18 14:30:00+00:00,-0.3157995799579957
2025-12-18 15:30:00+00:00,0.3139513951395139
2025-12-18 16:30:00+00:00,-0.14787878787878786
2025-12-18 17:30:00+00:00,-0.27963996399639957
2025-12-18 18:30:00+00:00,-0.07678367836783677
2025-12-18 19:30:00+00:00,-0.173009300930093
2025-12-18 20:30:00+00:00,-0.34279027902790277
2025-12-19 14:30:00+00:00,0.16288028802880286
2025-12-19 15:30:00+00:00,0.19885988598859883
2025-12-19 16:30:00+00:00,0.2588058805880588
2025-12-19 17:30:00+00:00,0.005784578457845784
2025-12-19 18:30:00+00:00,-0.16154263889253292
2025-12-19 19:30:00+00:00,-0.3219871646794111
2025-12-19 20:30:00+00:00,-0.012433243324332433
2025-12-22 14:30:00+00:00,0.14288628862886288
2025-12-22 15:30:00+00:00,0.4491569156915691
2025-12-22 16:30:00+00:00,0.16441644164416439
2025-12-22 17:30:00+00:00,-0.03932793279327932
2025-12-22 18:30:00+00:00,-0.055589558955895575
2025-12-22 19:30:00+00:00,-0.21833848886533572
2025-12-22 20:30:00+00:00,-0.15258971674151106
2025-12-23 14:30:00+00:00,-0.05453345334533453
2025-12-23 15:30:00+00:00,0.07061506150615061
2025-12-23 16:30:00+00:00,-0.04322832283228322
2025-12-23 17:30:00+00:00,-0.32231623162316225
2025-12-23 18:30:00+00:00,0.135025502550255
2025-12-23 19:30:00+00:00,-0.1440388360007563
2025-12-23 20:30:00+00:00,-0.0573719093069168
2025-12-24 14:30:00+00:00,-0.2283468346834683
2025-12-24 15:30:00+00:00,-0.03421542154215421
2025-12-24 16:30:00+00:00,
2025-12-26 15:30:00+00:00,0.15033903390339035
2025-12-26 16:30:00+00:00,-0.4113891389138914
2025-12-26 17:30:00+00:00,-0.14468646864686469
2025-12-26 18:30:00+00:00,-0.13551755175517552
2025-12-26 19:30:00+00:00,0.256021602160216
2025-12-26 20:30:00+00:00,0.13693369336933692
2025-12-29 14:30:00+00:00,-0.2649384938493849
2025-12-29 15:30:00+00:00,0.04054005400540054
2025-12-29 16:30:00+00:00,0.00192019201920192
2025-12-29 17:30:00+00:00,0.060642064206420626
2025-12-29 18:30:00+00:00,0.28616861686168615
2025-12-29 19:30:00+00:00,0.023450626471853482
2025-12-29 20:30:00+00:00,-0.20033843791947298
2025-12-30 14:30:00+00:00,-0.03804380438043804
2025-12-30 15:30:00+00:00,-0.11060306030603058
2025-12-30 16:30:00+00:00,0.005736573657365736
2025-12-30 17:30:00+00:00,0.06495049504950495
2025-12-30 18:30:00+00:00,0.19833183318331832
2025-12-30 19:30:00+00:00,0.11353135313531351
2025-12-30 20:30:00+00:00,-0.004596459645964596
2025-12-31 14:30:00+00:00,-0.20436843684368436
2025-12-31 15:30:00+00:00,-0.37390939093909387
2025-12-31 16:30:00+00:00,-0.10923492349234923
2025-12-31 17:30:00+00:00,0.12295229522952295
2025-12-31 18:30:00+00:00,0.09964596459645964
2025-12-31 19:30:00+00:00,-0.20946894689468942
2025-12-31 20:30:00+00:00,0.10263426342634263
2026-01-02 14:30:00+00:00,0.19905190519051902
2026-01-02 15:30:00+00:00,-0.017629762976297626
2026-01-02 16:30:00+00:00,0.14760920374865039
2026-01-02 17:30:00+00:00,-0.023456416010954693
2026-01-02 18:30:00+00:00,0.07762376237623762
2026-01-02 19:30:00+00:00,-0.002676267626762676
2026-01-02 20:30:00+00:00,-0.06551455145514551
2026-01-05 14:30:00+00:00,-0.1963996399639964
2026-01-05 15:30:00+00:00,-0.020894089408940896
2026-01-05 16:30:00+00:00,0.1796219621962196
2026-01-05 17:30:00+00:00,-0.03226532332844804
2026-01-05 18:30:00+00:00,-0.3027371819311013
2026-01-05 19:30:00+00:00,0.3523552355235523
2026-01-05 20:30:00+00:00,0.21999399939993997
2026-01-06 14:30:00+00:00,0.17233723372337229
2026-01-06 15:30:00+00:00,0.16344434443444342
2026-01-06 16:30:00+00:00,0.06381038103810381
2026-01-06 17:30:00+00:00,0.16543654365436541
2026-01-06 18:30:00+00:00,0.035091509150915086
2026-01-06 19:30:00+00:00,0.0016081608160816079
2026-01-06 20:30:00+00:00,-0.006684668466846683
2026-01-07 14:30:00+00:00,0.0008040804080408039
2026-01-07 15:30:00+00:00,0.014929492949294928
2026-01-07 16:30:00+00:00,-0.16416441644164412
2026-01-07 17:30:00+00:00,-0.03507950795079508
2026-01-07 18:30:00+00:00,-0.25656165616561655
2026-01-07 19:30:00+00:00,0.1325172517251725
2026-01-07 20:30:00+00:00,-0.29738973897389737
2026-01-08 14:30:00+00:00,0.3355535553555355
2026-01-08 15:30:00+00:00,0.2485448544854485
2026-01-08 16:30:00+00:00,0.2852573815115794
2026-01-08 17:30:00+00:00,0.3005289544836643
2026-01-08 18:30:00+00:00,-0.4616501650165016
2026-01-08 19:30:00+00:00,-0.04386438643864386
2026-01-08 20:30:00+00:00,0.2963456345634563
2026-01-09 14:30:00+00:00,0.10353435343534352
2026-01-09 15:30:00+00:00,-0.29472547254725473
2026-01-09 16:30:00+00:00,0.12646864686468645
2026-01-09 17:30:00+00:00,-0.008892889288928892
2026-01-09 18:30:00+00:00,0.18709870987098706
2026-01-09 19:30:00+00:00,0.08493249324932492
2026-01-09 20:30:00+00:00,0.054041404140414036
2026-01-12 14:30:00+00:00,-0.3793339333933393
2026-01-12 15:30:00+00:00,-0.08756075607560755
2026-01-12 16:30:00+00:00,-0.04336033603360335
2026-01-12 17:30:00+00:00,0.11410741074107408
2026-01-12 18:30:00+00:00,-0.03378337833783378
2026-01-12 19:30:00+00:00,0.04669666966696669
2026-01-12 20:30:00+00:00,0.19569156915691568
2026-01-13 14:30:00+00:00,-0.11823582358235822
2026-01-13 15:30:00+00:00,0.06669066906690668
2026-01-13 16:30:00+00:00,-0.00384038403840384
2026-01-13 17:30:00+00:00,0.11308730873087307
2026-01-13 18:30:00+00:00,0.05406540654065406
2026-01-13 19:30:00+00:00,0.09548154815481548
2026-01-13 20:30:00+00:00,-0.005352535253525352
2026-01-14 14:30:00+00:00,0.19851185118511847
2026-01-14 15:30:00+00:00,0.15927992799279925
2026-01-14 16:30:00+00:00,-0.07733573357335732
2026-01-14 17:30:00+00:00,0.10922292229222921
2026-01-14 18:30:00+00:00,-0.08622862286228622
2026-01-14 19:30:00+00:00,-0.018565856585658562
2026-01-14 20:30:00+00:00,0.16896489648964894
2026-01-15 14:30:00+00:00,-0.04978097809780978
2026-01-15 15:30:00+00:00,0.05316531653165316
2026-01-15 16:30:00+00:00,0.18771077107710768
2026-01-15 17:30:00+00:00,0.19137113711371134
2026-01-15 18:30:00+00:00,0.23877587758775876
2026-01-15 19:30:00+00:00,-0.18729072907290728
2026-01-15 20:30:00+00:00,-0.1501350135013501
2026-01-16 14:30:00+00:00,0.06687068706870687
2026-01-16 15:30:00+00:00,-0.08842484248424842
2026-01-16 16:30:00+00:00,0.08882088208820882
2026-01-16 17:30:00+00:00,-0.26228622862286227
2026-01-16 18:30:00+00:00,0.20627662766276625
2026-01-16 19:30:00+00:00,0.06138613861386138
2026-01-16 20:30:00+00:00,0.11548754875487548
2026-01-20 14:30:00+00:00,0.0831083108310831
2026-01-20 15:30:00+00:00,0.09737773777377738
2026-01-20 16:30:00+00:00,0.3439063906390639
2026-01-20 17:30:00+00:00,0.453105310531053
2026-01-20 18:30:00+00:00,0.13834983498349834
2026-01-20 19:30:00+00:00,0.11403540354035403
2026-01-20 20:30:00+00:00,0.03295529552955295
2026-01-21 14:30:00+00:00,0.30276627662766276
2026-01-21 15:30:00+00:00,-0.40939693969396934
2026-01-21 16:30:00+00:00,-0.004188418841884188
2026-01-21 17:30:00+00:00,0.009072907290729071
2026-01-21 18:30:00+00:00,-0.3342934293429342
2026-01-21 19:30:00+00:00,0.06913891389138914
2026-01-21 20:30:00+00:00,-0.05234923492349234
2026-01-22 14:30:00+00:00,0.17838583858385834
2026-01-22 15:30:00+00:00,0.13440144014401437
2026-01-22 16:30:00+00:00,0.05028502850285028
2026-01-22 17:30:00+00:00,-0.03539153915391539
2026-01-22 18:30:00+00:00,0.018397839783978395
2026-01-22 19:30:00+00:00,0.05322532253225322
2026-01-22 20:30:00+00:00,0.11489948994899489
2026-01-23 14:30:00+00:00,0.024878487848784877
2026-01-23 15:30:00+00:00,0.357059705970597
2026-01-23 16:30:00+00:00,-0.09866186618661864
2026-01-23 17:30:00+00:00,0.058278527199242834
2026-01-23 18:30:00+00:00,0.006240698958732758
2026-01-23 19:30:00+00:00,-0.21648964896489645
2026-01-23 20:30:00+00:00,-0.06537053705370537
2026-01-26 14:30:00+00:00,-0.09195319531953196
2026-01-26 15:30:00+00:00,0.11419141914191418
2026-01-26 16:30:00+00:00,0.06684668466846684
2026-01-26 17:30:00+00:00,-0.20811281128112807
2026-01-26 18:30:00+00:00,-0.037683768376837685
2026-01-26 19:30:00+00:00,-0.07385538553855385
2026-01-26 20:30:00+00:00,0.1668166816681668
2026-01-27 14:30:00+00:00,0.01038103810381038
2026-01-27 15:30:00+00:00,-0.10871887188718872
2026-01-27 16:30:00+00:00,-0.010873087308730872
2026-01-27 17:30:00+00:00,0.1628322832283228
2026-01-27 18:30:00+00:00,-0.08243624362436243
2026-01-27 19:30:00+00:00,-0.09432943294329432
2026-01-27 20:30:00+00:00,-0.20348034803480344
2026-01-28 14:30:00+00:00,-0.008616861686168617
2026-01-28 15:30:00+00:00,0.2862646264626462
2026-01-28 16:30:00+00:00,-0.13440144014401437
2026-01-28 17:30:00+00:00,0.24606060606060606
2026-01-28 18:30:00+00:00,-0.07495949594959495
2026-01-28 19:30:00+00:00,-0.16787278727872784
2026-01-28 20:30:00+00:00,0.2074047404740474
2026-01-29 14:30:00+00:00,0.07890789078907891
2026-01-29 15:30:00+00:00,-0.1615361536153615
2026-01-29 16:30:00+00:00,0.0828082808280828
2026-01-29 17:30:00+00:00,0.07445544554455445
2026-01-29 18:30:00+00:00,-0.1984398439843984
2026-01-29 19:30:00+00:00,-0.1435223522352235
2026-01-29 20:30:00+00:00,-0.1792019201920192
2026-01-30 14:30:00+00:00,-0.060784313725490195
2026-01-30 15:30:00+00:00,0.23417366946778712
2026-02-02 18:30:00+00:00,0.1938375350140056
2026-02-02 19:30:00+00:00,0.011173117311731172
2026-02-02 20:30:00+00:00,-0.07176717671767176
2026-02-03 14:30:00+00:00,-0.044704470447044696
2026-02-03 15:30:00+00:00,0.051977197719771974
2026-02-03 16:30:00+00:00,0.3132793279327933
2026-02-03 17:30:00+00:00,0.010873087308730872
2026-02-03 18:30:00+00:00,-0.08402040204020401
2026-02-03 19:30:00+00:00,0.14276627662766272
2026-02-03 20:30:00+00:00,-0.32406840684068405
2026-02-04 14:30:00+00:00,0.4309270927092709
2026-02-04 15:30:00+00:00,0.428982898289829
2026-02-04 16:30:00+00:00,-0.2905010501050104
2026-02-04 17:30:00+00:00,-0.09634563456345634
2026-02-04 18:30:00+00:00,-0.08147614761476146
2026-02-04 19:30:00+00:00,-0.10577857785778576
2026-02-04 20:30:00+00:00,0.036207620762076204
2026-02-05 14:30:00+00:00,-0.5321332133213321
2026-02-05 15:30:00+00:00,0.026006600660066003
2026-02-05 16:30:00+00:00,-0.20585658565856582
2026-02-05 17:30:00+00:00,0.27573957395739573
2026-02-05 18:30:00+00:00,0.17970597059705967
2026-02-05 19:30:00+00:00,-0.3487908790879088
2026-02-05 20:30:00+00:00,0.22634263426342632
2026-02-06 14:30:00+00:00,0.38371437143714365
2026-02-06 15:30:00+00:00,0.12064806480648065
2026-02-06 16:30:00+00:00,0.05838583858385838
2026-02-06 17:30:00+00:00,-0.0998139813981398
2026-02-06 18:30:00+00:00,-0.14088208820882087
2026-02-06 19:30:00+00:00,-0.04933693369336933
2026-02-06 20:30:00+00:00,-0.03471947194719471
2026-02-09 14:30:00+00:00,0.3918151815181518
2026-02-09 15:30:00+00:00,0.3126072607260726
2026-02-09 16:30:00+00:00,-0.11966396639663965
2026-02-09 17:30:00+00:00,0.000336033603360336
2026-02-09 18:30:00+00:00,-0.038415841584158415
2026-02-09 19:30:00+00:00,0.03207920792079208
2026-02-09 20:30:00+00:00,-0.013381338133813378
2026-02-10 14:30:00+00:00,-0.035331533153315324
2026-02-10 15:30:00+00:00,-0.05058505850585057
2026-02-10 16:30:00+00:00,0.031239123912391233
2026-02-10 17:30:00+00:00,-0.053009300930093005
2026-02-10 18:30:00+00:00,0.11282328232823283
2026-02-10 19:30:00+00:00,0.02413448585215139
2026-02-10 20:30:00+00:00,0.14344477481245124
2026-02-11 14:30:00+00:00,0.25219321932193217
2026-02-11 15:30:00+00:00,0.12934893489348934
2026-02-11 16:30:00+00:00,0.039531953195319526
2026-02-11 17:30:00+00:00,0.026810681068106808
2026-02-11 18:30:00+00:00,-0.24573657365736573
2026-02-11 19:30:00+00:00,-0.028587201768656596
2026-02-11 20:30:00+00:00,0.03489990879229781
2026-02-12 14:30:00+00:00,0.3821542154215421
2026-02-12 15:30:00+00:00,-0.16387638763876383
2026-02-12 16:30:00+00:00,0.01705370537053705
2026-02-12 17:30:00+00:00,0.07475547554755475
2026-02-12 18:30:00+00:00,-0.12781278127812779
2026-02-12 19:30:00+00:00,-0.2485448544854485
2026-02-12 20:30:00+00:00,-0.00468046804680468
2026-02-13 14:30:00+00:00,-0.20483648364836482
2026-02-13 15:30:00+00:00,-0.1945034503450345
2026-02-13 16:30:00+00:00,-0.408100810081008
2026-02-13 17:30:00+00:00,0.0207020702070207
2026-02-13 18:30:00+00:00,0.04315631563156315
2026-02-13 19:30:00+00:00,-0.08085208520852083
2026-02-13 20:30:00+00:00,-0.13634563456345633
2026-02-17 14:30:00+00:00,-0.3926312631263126
2026-02-17 15:30:00+00:00,0.35707170717071707
2026-02-17 16:30:00+00:00,-0.0378037803780378
2026-02-17 17:30:00+00:00,0.063018301830183
2026-02-17 18:30:00+00:00,-0.3416141614161416
2026-02-17 19:30:00+00:00,-0.29816981698169814
2026-02-17 20:30:00+00:00,0.03254725472547255
2026-02-18 14:30:00+00:00,0.1189198919891989
2026-02-18 15:30:00+00:00,0.21197719771977194
2026-02-18 16:30:00+00:00,-0.11150315031503148
2026-02-18 17:30:00+00:00,0.03459356313715881
2026-02-18 18:30:00+00:00,0.4697117894496816
2026-02-18 19:30:00+00:00,-0.25448021146292593
